"","Random_Depths","Damage"
"1",-2,NA
"2",1,NA
"3",-1,NA
"4",1,NA
"5",2,NA
"6",-3,NA
"7",-1,NA
"8",1,NA
"9",-1,NA
"10",-1,NA
"11",2,NA
"12",-1,NA
"13",0,NA
"14",0,NA
"15",-2,NA
"16",2,NA
"17",-2,NA
"18",-3,NA
"19",-1,NA
"20",2,NA
"21",1,NA
"22",0,NA
"23",0,NA
"24",4,NA
"25",0,NA
"26",0,NA
"27",-1,NA
"28",0,NA
"29",-2,NA
"30",-2,NA
"31",3,NA
"32",2,NA
"33",0,NA
"34",1,NA
"35",-3,NA
"36",-1,NA
"37",0,NA
"38",-2,NA
"39",-1,NA
"40",-2,NA
"41",-2,NA
"42",-1,NA
"43",-1,NA
"44",-1,NA
"45",-2,NA
"46",-2,NA
"47",-2,NA
"48",-1,NA
"49",-2,NA
"50",1,NA
"51",-3,NA
"52",-1,NA
"53",1,NA
"54",-2,NA
"55",0,NA
"56",-2,NA
"57",-2,NA
"58",0,NA
"59",1,NA
"60",-1,NA
"61",0,NA
"62",-2,NA
"63",-1,NA
"64",-2,NA
"65",1,NA
"66",-1,NA
"67",1,NA
"68",1,NA
"69",1,NA
"70",-1,NA
"71",0,NA
"72",0,NA
"73",0,NA
"74",-3,NA
"75",-1,NA
"76",-2,NA
"77",-1,NA
"78",0,NA
"79",-1,NA
"80",-2,NA
"81",-2,NA
"82",0,NA
"83",-1,NA
"84",1,NA
"85",-2,NA
"86",-1,NA
"87",3,NA
"88",1,NA
"89",1,NA
"90",-2,NA
"91",-2,NA
"92",0,NA
"93",-1,NA
"94",0,NA
"95",-1,NA
"96",-2,NA
"97",1,NA
"98",-2,NA
"99",-1,NA
"100",-1,NA
"101",0,NA
"102",-1,NA
"103",-1,NA
"104",2,NA
"105",-1,NA
"106",1,NA
"107",2,NA
"108",0,NA
"109",-1,NA
"110",-2,NA
"111",2,NA
"112",-1,NA
"113",-3,NA
"114",2,NA
"115",0,NA
"116",-2,NA
"117",-1,NA
"118",2,NA
"119",0,NA
"120",-1,NA
"121",0,NA
"122",-1,NA
"123",-1,NA
"124",-2,NA
"125",-1,NA
"126",3,NA
"127",-2,NA
"128",-2,NA
"129",-2,NA
"130",0,NA
"131",0,NA
"132",1,NA
"133",0,NA
"134",0,NA
"135",-1,NA
"136",0,NA
"137",1,NA
"138",1,NA
"139",3,NA
"140",-1,NA
"141",-1,NA
"142",-1,NA
"143",-3,NA
"144",-2,NA
"145",1,NA
"146",-2,NA
"147",-2,NA
"148",-3,NA
"149",-2,NA
"150",0,NA
"151",1,NA
"152",-1,NA
"153",-1,NA
"154",-2,NA
"155",-2,NA
"156",-1,NA
"157",0,NA
"158",-2,NA
"159",-1,NA
"160",-2,NA
"161",-1,NA
"162",-1,NA
"163",0,NA
"164",-1,NA
"165",-1,NA
"166",-1,NA
"167",0,NA
"168",-2,NA
"169",-1,NA
"170",-2,NA
"171",0,NA
"172",-2,NA
"173",1,NA
"174",0,NA
"175",0,NA
"176",0,NA
"177",-1,NA
"178",-1,NA
"179",1,NA
"180",0,NA
"181",1,NA
"182",-1,NA
"183",0,NA
"184",-2,NA
"185",0,NA
"186",-1,NA
"187",-2,NA
"188",0,NA
"189",2,NA
"190",2,NA
"191",-2,NA
"192",-1,NA
"193",3,NA
"194",0,NA
"195",2,NA
"196",-1,NA
"197",-1,NA
"198",0,NA
"199",-2,NA
"200",0,NA
"201",-2,NA
"202",3,NA
"203",0,NA
"204",-1,NA
"205",-1,NA
"206",1,NA
"207",-1,NA
"208",-2,NA
"209",-2,NA
"210",-2,NA
"211",-1,NA
"212",-2,NA
"213",-2,NA
"214",0,NA
"215",-3,NA
"216",0,NA
"217",-1,NA
"218",-1,NA
"219",1,NA
"220",2,NA
"221",-2,NA
"222",3,NA
"223",0,NA
"224",0,NA
"225",-3,NA
"226",-1,NA
"227",-1,NA
"228",0,NA
"229",0,NA
"230",2,NA
"231",0,NA
"232",-1,NA
"233",-1,NA
"234",-3,NA
"235",-2,NA
"236",-1,NA
"237",-2,NA
"238",1,NA
"239",-2,NA
"240",1,NA
"241",-1,NA
"242",0,NA
"243",-2,NA
"244",0,NA
"245",-1,NA
"246",0,NA
"247",-1,NA
"248",3,NA
"249",3,NA
"250",0,NA
"251",-2,NA
"252",-2,NA
"253",0,NA
"254",-2,NA
"255",-1,NA
"256",1,NA
"257",-2,NA
"258",-1,NA
"259",-1,NA
"260",1,NA
"261",2,NA
"262",1,NA
"263",0,NA
"264",2,NA
"265",-1,NA
"266",0,NA
"267",-1,NA
"268",-1,NA
"269",-3,NA
"270",-1,NA
"271",1,NA
"272",-3,NA
"273",-3,NA
"274",-2,NA
"275",1,NA
"276",0,NA
"277",3,NA
"278",-1,NA
"279",-3,NA
"280",0,NA
"281",0,NA
"282",-2,NA
"283",-1,NA
"284",-2,NA
"285",-3,NA
"286",-1,NA
"287",-3,NA
"288",-2,NA
"289",-3,NA
"290",0,NA
"291",-1,NA
"292",-2,NA
"293",-3,NA
"294",1,NA
"295",0,NA
"296",1,NA
"297",3,NA
"298",-2,NA
"299",-2,NA
"300",1,NA
"301",1,NA
"302",-3,NA
"303",1,NA
"304",0,NA
"305",0,NA
"306",-1,NA
"307",-2,NA
"308",-3,NA
"309",-1,NA
"310",-1,NA
"311",-1,NA
"312",-1,NA
"313",0,NA
"314",-3,NA
"315",-1,NA
"316",1,NA
"317",1,NA
"318",-2,NA
"319",-1,NA
"320",1,NA
"321",1,NA
"322",-2,NA
"323",-2,NA
"324",0,NA
"325",-2,NA
"326",-3,NA
"327",6,NA
"328",-3,NA
"329",-1,NA
"330",2,NA
"331",0,NA
"332",-2,NA
"333",0,NA
"334",1,NA
"335",-1,NA
"336",-1,NA
"337",0,NA
"338",0,NA
"339",0,NA
"340",3,NA
"341",-1,NA
"342",-2,NA
"343",-1,NA
"344",-2,NA
"345",-1,NA
"346",-1,NA
"347",3,NA
"348",-1,NA
"349",-2,NA
"350",0,NA
"351",-2,NA
"352",3,NA
"353",-1,NA
"354",-2,NA
"355",0,NA
"356",3,NA
"357",0,NA
"358",-1,NA
"359",-1,NA
"360",1,NA
"361",-2,NA
"362",-2,NA
"363",1,NA
"364",-1,NA
"365",-1,NA
"366",1,NA
"367",-2,NA
"368",-3,NA
"369",-1,NA
"370",-1,NA
"371",-1,NA
"372",-1,NA
"373",1,NA
"374",-1,NA
"375",-1,NA
"376",3,NA
"377",1,NA
"378",-2,NA
"379",-1,NA
"380",3,NA
"381",0,NA
"382",0,NA
"383",-1,NA
"384",1,NA
"385",-1,NA
"386",2,NA
"387",-2,NA
"388",-2,NA
"389",-2,NA
"390",-2,NA
"391",3,NA
"392",-2,NA
"393",0,NA
"394",1,NA
"395",-2,NA
"396",-2,NA
"397",-2,NA
"398",-2,NA
"399",-2,NA
"400",4,NA
"401",3,NA
"402",-2,NA
"403",2,NA
"404",0,NA
"405",-1,NA
"406",-1,NA
"407",0,NA
"408",-3,NA
"409",-1,NA
"410",0,NA
"411",-1,NA
"412",1,NA
"413",-2,NA
"414",-1,NA
"415",-2,NA
"416",-2,NA
"417",2,NA
"418",-1,NA
"419",-1,NA
"420",-3,NA
"421",-1,NA
"422",0,NA
"423",0,NA
"424",-1,NA
"425",1,NA
"426",0,NA
"427",-1,NA
"428",-1,NA
"429",-2,NA
"430",1,NA
"431",2,NA
"432",0,NA
"433",-1,NA
"434",5,NA
"435",-2,NA
"436",0,NA
"437",-2,NA
"438",-1,NA
"439",-2,NA
"440",-2,NA
"441",-2,NA
"442",0,NA
"443",0,NA
"444",-2,NA
"445",1,NA
"446",0,NA
"447",0,NA
"448",-2,NA
"449",-1,NA
"450",0,NA
"451",-1,NA
"452",-1,NA
"453",-2,NA
"454",-3,NA
"455",-2,NA
"456",1,NA
"457",1,NA
"458",0,NA
"459",-2,NA
"460",-2,NA
"461",3,NA
"462",-1,NA
"463",-1,NA
"464",-2,NA
"465",0,NA
"466",-2,NA
"467",-2,NA
"468",0,NA
"469",-2,NA
"470",1,NA
"471",-2,NA
"472",1,NA
"473",-1,NA
"474",0,NA
"475",0,NA
"476",-1,NA
"477",0,NA
"478",-3,NA
"479",-2,NA
"480",0,NA
"481",-2,NA
"482",1,NA
"483",-1,NA
"484",0,NA
"485",2,NA
"486",-2,NA
"487",-2,NA
"488",0,NA
"489",-1,NA
"490",1,NA
"491",3,NA
"492",-3,NA
"493",-1,NA
"494",0,NA
"495",-2,NA
"496",4,NA
"497",-2,NA
"498",-3,NA
"499",0,NA
"500",1,NA
"501",-1,NA
"502",-1,NA
"503",-2,NA
"504",-3,NA
"505",-1,NA
"506",-2,NA
"507",-1,NA
"508",-1,NA
"509",2,NA
"510",-1,NA
"511",-1,NA
"512",-3,NA
"513",1,NA
"514",-1,NA
"515",0,NA
"516",-2,NA
"517",-1,NA
"518",1,NA
"519",-3,NA
"520",1,NA
"521",-1,NA
"522",-1,NA
"523",-1,NA
"524",-3,NA
"525",-1,NA
"526",0,NA
"527",2,NA
"528",-3,NA
"529",4,NA
"530",-1,NA
"531",2,NA
"532",0,NA
"533",-1,NA
"534",1,NA
"535",-3,NA
"536",0,NA
"537",-1,NA
"538",1,NA
"539",-1,NA
"540",-2,NA
"541",1,NA
"542",-2,NA
"543",1,NA
"544",-2,NA
"545",0,NA
"546",3,NA
"547",-3,NA
"548",1,NA
"549",1,NA
"550",-1,NA
"551",-1,NA
"552",-2,NA
"553",0,NA
"554",1,NA
"555",-1,NA
"556",0,NA
"557",0,NA
"558",-1,NA
"559",-1,NA
"560",-3,NA
"561",-3,NA
"562",2,NA
"563",1,NA
"564",-2,NA
"565",0,NA
"566",0,NA
"567",-1,NA
"568",1,NA
"569",-1,NA
"570",1,NA
"571",-1,NA
"572",2,NA
"573",0,NA
"574",-1,NA
"575",2,NA
"576",0,NA
"577",-1,NA
"578",-3,NA
"579",0,NA
"580",-1,NA
"581",1,NA
"582",1,NA
"583",1,NA
"584",-1,NA
"585",1,NA
"586",-2,NA
"587",-2,NA
"588",0,NA
"589",3,NA
"590",0,NA
"591",-1,NA
"592",-3,NA
"593",3,NA
"594",-2,NA
"595",-2,NA
"596",1,NA
"597",-1,NA
"598",-1,NA
"599",1,NA
"600",-3,NA
"601",-2,NA
"602",0,NA
"603",-2,NA
"604",-1,NA
"605",-2,NA
"606",1,NA
"607",-2,NA
"608",1,NA
"609",-1,NA
"610",-1,NA
"611",0,NA
"612",-2,NA
"613",-3,NA
"614",4,NA
"615",0,NA
"616",1,NA
"617",1,NA
"618",0,NA
"619",3,NA
"620",-3,NA
"621",2,NA
"622",1,NA
"623",1,NA
"624",-1,NA
"625",-3,NA
"626",-1,NA
"627",-2,NA
"628",1,NA
"629",-1,NA
"630",-1,NA
"631",0,NA
"632",1,NA
"633",-1,NA
"634",0,NA
"635",-2,NA
"636",-2,NA
"637",2,NA
"638",0,NA
"639",1,NA
"640",-1,NA
"641",0,NA
"642",1,NA
"643",1,NA
"644",-1,NA
"645",-2,NA
"646",0,NA
"647",0,NA
"648",-3,NA
"649",-1,NA
"650",0,NA
"651",0,NA
"652",2,NA
"653",-1,NA
"654",0,NA
"655",0,NA
"656",1,NA
"657",2,NA
"658",-3,NA
"659",-1,NA
"660",-1,NA
"661",1,NA
"662",1,NA
"663",-2,NA
"664",0,NA
"665",-2,NA
"666",-3,NA
"667",2,NA
"668",-2,NA
"669",0,NA
"670",-2,NA
"671",-3,NA
"672",-1,NA
"673",-2,NA
"674",-2,NA
"675",-1,NA
"676",0,NA
"677",1,NA
"678",-2,NA
"679",-1,NA
"680",-1,NA
"681",0,NA
"682",0,NA
"683",1,NA
"684",1,NA
"685",2,NA
"686",-1,NA
"687",-1,NA
"688",-2,NA
"689",-1,NA
"690",-2,NA
"691",-3,NA
"692",0,NA
"693",-1,NA
"694",-2,NA
"695",-2,NA
"696",0,NA
"697",-2,NA
"698",-2,NA
"699",-1,NA
"700",-1,NA
"701",1,NA
"702",-2,NA
"703",-3,NA
"704",1,NA
"705",-1,NA
"706",0,NA
"707",-1,NA
"708",-1,NA
"709",-2,NA
"710",-1,NA
"711",0,NA
"712",-1,NA
"713",0,NA
"714",0,NA
"715",-1,NA
"716",-1,NA
"717",-3,NA
"718",-3,NA
"719",4,NA
"720",-2,NA
"721",-1,NA
"722",0,NA
"723",0,NA
"724",1,NA
"725",0,NA
"726",0,NA
"727",1,NA
"728",0,NA
"729",1,NA
"730",-3,NA
"731",-1,NA
"732",1,NA
"733",0,NA
"734",2,NA
"735",-2,NA
"736",-1,NA
"737",1,NA
"738",4,NA
"739",-1,NA
"740",-3,NA
"741",4,NA
"742",-2,NA
"743",-3,NA
"744",0,NA
"745",-1,NA
"746",-1,NA
"747",1,NA
"748",-3,NA
"749",0,NA
"750",2,NA
"751",-2,NA
"752",-2,NA
"753",-2,NA
"754",-3,NA
"755",0,NA
"756",-1,NA
"757",-1,NA
"758",1,NA
"759",-3,NA
"760",-2,NA
"761",-1,NA
"762",-2,NA
"763",0,NA
"764",-1,NA
"765",0,NA
"766",-2,NA
"767",-2,NA
"768",-1,NA
"769",0,NA
"770",0,NA
"771",2,NA
"772",1,NA
"773",0,NA
"774",1,NA
"775",-2,NA
"776",-2,NA
"777",-1,NA
"778",-1,NA
"779",0,NA
"780",1,NA
"781",-2,NA
"782",1,NA
"783",-3,NA
"784",0,NA
"785",1,NA
"786",-1,NA
"787",-2,NA
"788",-3,NA
"789",-2,NA
"790",2,NA
"791",2,NA
"792",-1,NA
"793",-2,NA
"794",-1,NA
"795",1,NA
"796",-1,NA
"797",-2,NA
"798",-2,NA
"799",-1,NA
"800",-2,NA
"801",-1,NA
"802",-1,NA
"803",-2,NA
"804",-3,NA
"805",-2,NA
"806",3,NA
"807",-1,NA
"808",-1,NA
"809",0,NA
"810",0,NA
"811",-3,NA
"812",0,NA
"813",-1,NA
"814",1,NA
"815",1,NA
"816",-2,NA
"817",-2,NA
"818",-2,NA
"819",0,NA
"820",0,NA
"821",0,NA
"822",-1,NA
"823",0,NA
"824",4,NA
"825",0,NA
"826",-3,NA
"827",-1,NA
"828",-3,NA
"829",-1,NA
"830",0,NA
"831",-3,NA
"832",1,NA
"833",-1,NA
"834",0,NA
"835",0,NA
"836",0,NA
"837",0,NA
"838",0,NA
"839",-2,NA
"840",-2,NA
"841",3,NA
"842",0,NA
"843",0,NA
"844",-2,NA
"845",-1,NA
"846",-2,NA
"847",2,NA
"848",-3,NA
"849",-2,NA
"850",-2,NA
"851",-1,NA
"852",0,NA
"853",4,NA
"854",0,NA
"855",-1,NA
"856",-1,NA
"857",2,NA
"858",-2,NA
"859",-3,NA
"860",1,NA
"861",-1,NA
"862",-3,NA
"863",0,NA
"864",-1,NA
"865",0,NA
"866",-2,NA
"867",-2,NA
"868",-2,NA
"869",-1,NA
"870",-1,NA
"871",-2,NA
"872",-2,NA
"873",0,NA
"874",-1,NA
"875",1,NA
"876",0,NA
"877",-3,NA
"878",0,NA
"879",1,NA
"880",0,NA
"881",-2,NA
"882",2,NA
"883",0,NA
"884",-2,NA
"885",0,NA
"886",2,NA
"887",-1,NA
"888",-1,NA
"889",-2,NA
"890",-2,NA
"891",0,NA
"892",0,NA
"893",0,NA
"894",-1,NA
"895",1,NA
"896",0,NA
"897",-3,NA
"898",-1,NA
"899",-3,NA
"900",1,NA
"901",2,NA
"902",-1,NA
"903",1,NA
"904",0,NA
"905",0,NA
"906",-1,NA
"907",0,NA
"908",2,NA
"909",1,NA
"910",-3,NA
"911",-3,NA
"912",-3,NA
"913",1,NA
"914",0,NA
"915",-1,NA
"916",2,NA
"917",0,NA
"918",-1,NA
"919",-1,NA
"920",-1,NA
"921",1,NA
"922",-3,NA
"923",-1,NA
"924",1,NA
"925",0,NA
"926",0,NA
"927",-1,NA
"928",-1,NA
"929",-2,NA
"930",1,NA
"931",1,NA
"932",-2,NA
"933",1,NA
"934",0,NA
"935",2,NA
"936",-2,NA
"937",-1,NA
"938",1,NA
"939",1,NA
"940",-3,NA
"941",3,NA
"942",-1,NA
"943",-1,NA
"944",-1,NA
"945",-2,NA
"946",-2,NA
"947",-1,NA
"948",-1,NA
"949",-1,NA
"950",-1,NA
"951",0,NA
"952",-2,NA
"953",2,NA
"954",-3,NA
"955",-1,NA
"956",3,NA
"957",0,NA
"958",-3,NA
"959",-1,NA
"960",-1,NA
"961",-1,NA
"962",-1,NA
"963",0,NA
"964",-2,NA
"965",2,NA
"966",0,NA
"967",-1,NA
"968",-2,NA
"969",0,NA
"970",-1,NA
"971",1,NA
"972",-3,NA
"973",1,NA
"974",-2,NA
"975",-2,NA
"976",0,NA
"977",2,NA
"978",-3,NA
"979",-1,NA
"980",-1,NA
"981",-1,NA
"982",0,NA
"983",2,NA
"984",0,NA
"985",2,NA
"986",0,NA
"987",-2,NA
"988",-2,NA
"989",-2,NA
"990",-1,NA
"991",-2,NA
"992",-2,NA
"993",0,NA
"994",-1,NA
"995",0,NA
"996",1,NA
"997",0,NA
"998",-1,NA
"999",0,NA
"1000",-2,NA
"1001",-2,NA
"1002",0,NA
"1003",-2,NA
"1004",1,NA
"1005",1,NA
"1006",-1,NA
"1007",1,NA
"1008",-2,NA
"1009",-3,NA
"1010",-1,NA
"1011",-1,NA
"1012",-1,NA
"1013",-2,NA
"1014",-1,NA
"1015",-3,NA
"1016",1,NA
"1017",0,NA
"1018",0,NA
"1019",-1,NA
"1020",-2,NA
"1021",-1,NA
"1022",1,NA
"1023",0,NA
"1024",-1,NA
"1025",1,NA
"1026",-1,NA
"1027",0,NA
"1028",-1,NA
"1029",-2,NA
"1030",0,NA
"1031",-2,NA
"1032",-1,NA
"1033",-1,NA
"1034",-2,NA
"1035",0,NA
"1036",-1,NA
"1037",-2,NA
"1038",0,NA
"1039",-1,NA
"1040",-1,NA
"1041",1,NA
"1042",0,NA
"1043",-1,NA
"1044",-1,NA
"1045",-2,NA
"1046",-3,NA
"1047",-1,NA
"1048",-3,NA
"1049",1,NA
"1050",4,NA
"1051",0,NA
"1052",1,NA
"1053",1,NA
"1054",-1,NA
"1055",0,NA
"1056",-2,NA
"1057",0,NA
"1058",-2,NA
"1059",-2,NA
"1060",0,NA
"1061",0,NA
"1062",-2,NA
"1063",-1,NA
"1064",-1,NA
"1065",-3,NA
"1066",0,NA
"1067",-1,NA
"1068",-2,NA
"1069",3,NA
"1070",0,NA
"1071",1,NA
"1072",1,NA
"1073",1,NA
"1074",1,NA
"1075",0,NA
"1076",0,NA
"1077",-2,NA
"1078",-3,NA
"1079",-1,NA
"1080",-1,NA
"1081",-1,NA
"1082",-2,NA
"1083",-1,NA
"1084",-1,NA
"1085",0,NA
"1086",-2,NA
"1087",-2,NA
"1088",-3,NA
"1089",1,NA
"1090",-1,NA
"1091",1,NA
"1092",-3,NA
"1093",-2,NA
"1094",-2,NA
"1095",0,NA
"1096",0,NA
"1097",4,NA
"1098",0,NA
"1099",-2,NA
"1100",-2,NA
"1101",1,NA
"1102",0,NA
"1103",-2,NA
"1104",0,NA
"1105",1,NA
"1106",-1,NA
"1107",0,NA
"1108",2,NA
"1109",2,NA
"1110",0,NA
"1111",-3,NA
"1112",1,NA
"1113",-1,NA
"1114",-1,NA
"1115",-1,NA
"1116",-2,NA
"1117",-1,NA
"1118",2,NA
"1119",-2,NA
"1120",0,NA
"1121",-2,NA
"1122",-2,NA
"1123",0,NA
"1124",-1,NA
"1125",-2,NA
"1126",-3,NA
"1127",2,NA
"1128",0,NA
"1129",-2,NA
"1130",0,NA
"1131",-1,NA
"1132",1,NA
"1133",0,NA
"1134",0,NA
"1135",0,NA
"1136",0,NA
"1137",-1,NA
"1138",-2,NA
"1139",-1,NA
"1140",-2,NA
"1141",1,NA
"1142",-1,NA
"1143",-3,NA
"1144",2,NA
"1145",-2,NA
"1146",-1,NA
"1147",0,NA
"1148",0,NA
"1149",-1,NA
"1150",-2,NA
"1151",2,NA
"1152",0,NA
"1153",0,NA
"1154",2,NA
"1155",-1,NA
"1156",-1,NA
"1157",-3,NA
"1158",1,NA
"1159",-1,NA
"1160",-2,NA
"1161",-1,NA
"1162",-2,NA
"1163",-1,NA
"1164",-2,NA
"1165",-2,NA
"1166",-3,NA
"1167",0,NA
"1168",-2,NA
"1169",-2,NA
"1170",3,NA
"1171",-1,NA
"1172",-1,NA
"1173",0,NA
"1174",2,NA
"1175",-2,NA
"1176",-1,NA
"1177",0,NA
"1178",-1,NA
"1179",-2,NA
"1180",0,NA
"1181",-3,NA
"1182",-2,NA
"1183",0,NA
"1184",1,NA
"1185",1,NA
"1186",-2,NA
"1187",-1,NA
"1188",1,NA
"1189",0,NA
"1190",0,NA
"1191",-2,NA
"1192",-1,NA
"1193",-1,NA
"1194",0,NA
"1195",-3,NA
"1196",-2,NA
"1197",1,NA
"1198",-2,NA
"1199",3,NA
"1200",-1,NA
"1201",1,NA
"1202",1,NA
"1203",-1,NA
"1204",0,NA
"1205",-1,NA
"1206",4,NA
"1207",-3,NA
"1208",-2,NA
"1209",1,NA
"1210",-1,NA
"1211",-1,NA
"1212",5,NA
"1213",-2,NA
"1214",-1,NA
"1215",-3,NA
"1216",1,NA
"1217",-1,NA
"1218",1,NA
"1219",-2,NA
"1220",2,NA
"1221",-1,NA
"1222",-1,NA
"1223",-2,NA
"1224",1,NA
"1225",2,NA
"1226",-3,NA
"1227",-1,NA
"1228",-2,NA
"1229",1,NA
"1230",-1,NA
"1231",-3,NA
"1232",-2,NA
"1233",-1,NA
"1234",0,NA
"1235",-2,NA
"1236",-3,NA
"1237",-2,NA
"1238",0,NA
"1239",2,NA
"1240",-1,NA
"1241",-3,NA
"1242",-1,NA
"1243",0,NA
"1244",-1,NA
"1245",1,NA
"1246",-2,NA
"1247",0,NA
"1248",-3,NA
"1249",-2,NA
"1250",0,NA
"1251",1,NA
"1252",-1,NA
"1253",0,NA
"1254",-3,NA
"1255",-2,NA
"1256",1,NA
"1257",-3,NA
"1258",-2,NA
"1259",3,NA
"1260",0,NA
"1261",-2,NA
"1262",0,NA
"1263",-3,NA
"1264",-2,NA
"1265",0,NA
"1266",-3,NA
"1267",0,NA
"1268",2,NA
"1269",-2,NA
"1270",3,NA
"1271",-3,NA
"1272",0,NA
"1273",-1,NA
"1274",0,NA
"1275",1,NA
"1276",-1,NA
"1277",0,NA
"1278",0,NA
"1279",-1,NA
"1280",-1,NA
"1281",-2,NA
"1282",1,NA
"1283",0,NA
"1284",0,NA
"1285",0,NA
"1286",-2,NA
"1287",0,NA
"1288",-1,NA
"1289",-1,NA
"1290",-1,NA
"1291",1,NA
"1292",-1,NA
"1293",-2,NA
"1294",1,NA
"1295",-1,NA
"1296",-1,NA
"1297",1,NA
"1298",0,NA
"1299",1,NA
"1300",0,NA
"1301",-3,NA
"1302",-1,NA
"1303",-1,NA
"1304",1,NA
"1305",0,NA
"1306",-1,NA
"1307",-3,NA
"1308",-2,NA
"1309",0,NA
"1310",-2,NA
"1311",-2,NA
"1312",-1,NA
"1313",1,NA
"1314",-2,NA
"1315",0,NA
"1316",-2,NA
"1317",1,NA
"1318",-2,NA
"1319",-1,NA
"1320",-3,NA
"1321",1,NA
"1322",-1,NA
"1323",2,NA
"1324",-1,NA
"1325",3,NA
"1326",-1,NA
"1327",-1,NA
"1328",-1,NA
"1329",-3,NA
"1330",0,NA
"1331",-1,NA
"1332",-1,NA
"1333",0,NA
"1334",0,NA
"1335",-1,NA
"1336",-2,NA
"1337",0,NA
"1338",0,NA
"1339",1,NA
"1340",-1,NA
"1341",-1,NA
"1342",-1,NA
"1343",-1,NA
"1344",-2,NA
"1345",0,NA
"1346",2,NA
"1347",-2,NA
"1348",0,NA
"1349",-1,NA
"1350",0,NA
"1351",-3,NA
"1352",-3,NA
"1353",-2,NA
"1354",-3,NA
"1355",-2,NA
"1356",-1,NA
"1357",-2,NA
"1358",1,NA
"1359",-2,NA
"1360",-1,NA
"1361",0,NA
"1362",-2,NA
"1363",1,NA
"1364",-1,NA
"1365",-2,NA
"1366",-1,NA
"1367",-2,NA
"1368",0,NA
"1369",-2,NA
"1370",-2,NA
"1371",-1,NA
"1372",-2,NA
"1373",-1,NA
"1374",0,NA
"1375",0,NA
"1376",1,NA
"1377",-1,NA
"1378",2,NA
"1379",-3,NA
"1380",0,NA
"1381",-1,NA
"1382",-1,NA
"1383",1,NA
"1384",-3,NA
"1385",1,NA
"1386",-2,NA
"1387",-2,NA
"1388",1,NA
"1389",-3,NA
"1390",-2,NA
"1391",4,NA
"1392",0,NA
"1393",-1,NA
"1394",-1,NA
"1395",-1,NA
"1396",1,NA
"1397",0,NA
"1398",-1,NA
"1399",-3,NA
"1400",-2,NA
"1401",-2,NA
"1402",-2,NA
"1403",-3,NA
"1404",-1,NA
"1405",-2,NA
"1406",0,NA
"1407",-1,NA
"1408",2,NA
"1409",-2,NA
"1410",2,NA
"1411",0,NA
"1412",2,NA
"1413",0,NA
"1414",-2,NA
"1415",-2,NA
"1416",0,NA
"1417",0,NA
"1418",-1,NA
"1419",1,NA
"1420",-1,NA
"1421",1,NA
"1422",0,NA
"1423",-1,NA
"1424",2,NA
"1425",-1,NA
"1426",-2,NA
"1427",-1,NA
"1428",3,NA
"1429",2,NA
"1430",-1,NA
"1431",1,NA
"1432",-1,NA
"1433",1,NA
"1434",1,NA
"1435",-1,NA
"1436",-1,NA
"1437",0,NA
"1438",1,NA
"1439",0,NA
"1440",-1,NA
"1441",-2,NA
"1442",0,NA
"1443",-3,NA
"1444",-1,NA
"1445",0,NA
"1446",0,NA
"1447",-3,NA
"1448",-1,NA
"1449",-1,NA
"1450",-2,NA
"1451",0,NA
"1452",0,NA
"1453",0,NA
"1454",-2,NA
"1455",0,NA
"1456",1,NA
"1457",-2,NA
"1458",0,NA
"1459",1,NA
"1460",-2,NA
"1461",2,NA
"1462",0,NA
"1463",1,NA
"1464",-2,NA
"1465",-3,NA
"1466",1,NA
"1467",2,NA
"1468",-2,NA
"1469",-1,NA
"1470",-1,NA
"1471",0,NA
"1472",-3,NA
"1473",0,NA
"1474",-1,NA
"1475",-1,NA
"1476",0,NA
"1477",-1,NA
"1478",6,NA
"1479",1,NA
"1480",1,NA
"1481",0,NA
"1482",-2,NA
"1483",1,NA
"1484",1,NA
"1485",4,NA
"1486",-3,NA
"1487",0,NA
"1488",-1,NA
"1489",0,NA
"1490",1,NA
"1491",-3,NA
"1492",-3,NA
"1493",5,NA
"1494",0,NA
"1495",-1,NA
"1496",1,NA
"1497",4,NA
"1498",-2,NA
"1499",0,NA
"1500",-1,NA
"1501",2,NA
"1502",4,NA
"1503",-1,NA
"1504",-2,NA
"1505",0,NA
"1506",0,NA
"1507",0,NA
"1508",-1,NA
"1509",-1,NA
"1510",0,NA
"1511",-1,NA
"1512",2,NA
"1513",1,NA
"1514",-2,NA
"1515",-1,NA
"1516",-1,NA
"1517",-3,NA
"1518",-1,NA
"1519",-1,NA
"1520",-2,NA
"1521",0,NA
"1522",-3,NA
"1523",0,NA
"1524",-1,NA
"1525",0,NA
"1526",-3,NA
"1527",-3,NA
"1528",-1,NA
"1529",0,NA
"1530",-2,NA
"1531",1,NA
"1532",0,NA
"1533",2,NA
"1534",-1,NA
"1535",-1,NA
"1536",-2,NA
"1537",-1,NA
"1538",-2,NA
"1539",2,NA
"1540",-1,NA
"1541",-3,NA
"1542",1,NA
"1543",-1,NA
"1544",-1,NA
"1545",0,NA
"1546",-2,NA
"1547",-3,NA
"1548",-1,NA
"1549",0,NA
"1550",3,NA
"1551",3,NA
"1552",-2,NA
"1553",-1,NA
"1554",-1,NA
"1555",-1,NA
"1556",-1,NA
"1557",0,NA
"1558",-2,NA
"1559",-1,NA
"1560",4,NA
"1561",1,NA
"1562",-1,NA
"1563",1,NA
"1564",-2,NA
"1565",-1,NA
"1566",-2,NA
"1567",-2,NA
"1568",2,NA
"1569",-2,NA
"1570",1,NA
"1571",-2,NA
"1572",-3,NA
"1573",1,NA
"1574",-1,NA
"1575",-3,NA
"1576",0,NA
"1577",-3,NA
"1578",-1,NA
"1579",-2,NA
"1580",-1,NA
"1581",0,NA
"1582",-3,NA
"1583",-2,NA
"1584",-2,NA
"1585",1,NA
"1586",0,NA
"1587",0,NA
"1588",-1,NA
"1589",-1,NA
"1590",-1,NA
"1591",1,NA
"1592",1,NA
"1593",0,NA
"1594",0,NA
"1595",-1,NA
"1596",-3,NA
"1597",0,NA
"1598",-2,NA
"1599",0,NA
"1600",-2,NA
"1601",0,NA
"1602",-2,NA
"1603",-2,NA
"1604",1,NA
"1605",1,NA
"1606",-3,NA
"1607",1,NA
"1608",-2,NA
"1609",0,NA
"1610",-1,NA
"1611",0,NA
"1612",0,NA
"1613",-1,NA
"1614",4,NA
"1615",3,NA
"1616",-1,NA
"1617",0,NA
"1618",-1,NA
"1619",-1,NA
"1620",-2,NA
"1621",-3,NA
"1622",-3,NA
"1623",-3,NA
"1624",0,NA
"1625",-1,NA
"1626",1,NA
"1627",0,NA
"1628",-2,NA
"1629",0,NA
"1630",1,NA
"1631",1,NA
"1632",-1,NA
"1633",-1,NA
"1634",0,NA
"1635",1,NA
"1636",1,NA
"1637",-2,NA
"1638",-2,NA
"1639",-2,NA
"1640",1,NA
"1641",-2,NA
"1642",1,NA
"1643",1,NA
"1644",2,NA
"1645",-1,NA
"1646",2,NA
"1647",1,NA
"1648",1,NA
"1649",-1,NA
"1650",-2,NA
"1651",-2,NA
"1652",0,NA
"1653",-1,NA
"1654",-1,NA
"1655",-3,NA
"1656",-1,NA
"1657",-2,NA
"1658",1,NA
"1659",-3,NA
"1660",1,NA
"1661",1,NA
"1662",-3,NA
"1663",-2,NA
"1664",0,NA
"1665",1,NA
"1666",-1,NA
"1667",2,NA
"1668",-1,NA
"1669",-1,NA
"1670",-2,NA
"1671",0,NA
"1672",0,NA
"1673",-3,NA
"1674",0,NA
"1675",-2,NA
"1676",0,NA
"1677",-1,NA
"1678",0,NA
"1679",0,NA
"1680",-2,NA
"1681",-2,NA
"1682",-1,NA
"1683",5,NA
"1684",-1,NA
"1685",-1,NA
"1686",-3,NA
"1687",-1,NA
"1688",0,NA
"1689",0,NA
"1690",2,NA
"1691",-1,NA
"1692",-3,NA
"1693",-2,NA
"1694",1,NA
"1695",1,NA
"1696",1,NA
"1697",2,NA
"1698",0,NA
"1699",-1,NA
"1700",-2,NA
"1701",0,NA
"1702",-3,NA
"1703",-1,NA
"1704",2,NA
"1705",1,NA
"1706",0,NA
"1707",-2,NA
"1708",0,NA
"1709",4,NA
"1710",0,NA
"1711",-2,NA
"1712",-3,NA
"1713",-3,NA
"1714",1,NA
"1715",-1,NA
"1716",2,NA
"1717",0,NA
"1718",-1,NA
"1719",2,NA
"1720",-2,NA
"1721",1,NA
"1722",-1,NA
"1723",0,NA
"1724",-1,NA
"1725",-3,NA
"1726",1,NA
"1727",-2,NA
"1728",0,NA
"1729",-1,NA
"1730",-2,NA
"1731",4,NA
"1732",-1,NA
"1733",-3,NA
"1734",2,NA
"1735",1,NA
"1736",0,NA
"1737",-1,NA
"1738",1,NA
"1739",2,NA
"1740",1,NA
"1741",-2,NA
"1742",3,NA
"1743",0,NA
"1744",-3,NA
"1745",-2,NA
"1746",-3,NA
"1747",1,NA
"1748",1,NA
"1749",2,NA
"1750",-1,NA
"1751",3,NA
"1752",1,NA
"1753",1,NA
"1754",0,NA
"1755",3,NA
"1756",-1,NA
"1757",1,NA
"1758",-1,NA
"1759",-1,NA
"1760",2,NA
"1761",0,NA
"1762",-3,NA
"1763",-2,NA
"1764",-1,NA
"1765",-1,NA
"1766",4,NA
"1767",1,NA
"1768",-1,NA
"1769",0,NA
"1770",2,NA
"1771",0,NA
"1772",0,NA
"1773",-2,NA
"1774",0,NA
"1775",-2,NA
"1776",-1,NA
"1777",-2,NA
"1778",-2,NA
"1779",0,NA
"1780",-1,NA
"1781",-2,NA
"1782",-2,NA
"1783",0,NA
"1784",0,NA
"1785",-2,NA
"1786",-3,NA
"1787",3,NA
"1788",-1,NA
"1789",0,NA
"1790",1,NA
"1791",-2,NA
"1792",-3,NA
"1793",0,NA
"1794",1,NA
"1795",-1,NA
"1796",-1,NA
"1797",0,NA
"1798",2,NA
"1799",0,NA
"1800",-1,NA
"1801",-2,NA
"1802",1,NA
"1803",-2,NA
"1804",0,NA
"1805",0,NA
"1806",-3,NA
"1807",2,NA
"1808",0,NA
"1809",1,NA
"1810",-1,NA
"1811",-2,NA
"1812",0,NA
"1813",1,NA
"1814",0,NA
"1815",-1,NA
"1816",-1,NA
"1817",0,NA
"1818",-1,NA
"1819",0,NA
"1820",-3,NA
"1821",4,NA
"1822",-1,NA
"1823",-2,NA
"1824",1,NA
"1825",-1,NA
"1826",1,NA
"1827",-3,NA
"1828",1,NA
"1829",0,NA
"1830",1,NA
"1831",1,NA
"1832",-1,NA
"1833",2,NA
"1834",-2,NA
"1835",-3,NA
"1836",-1,NA
"1837",0,NA
"1838",-1,NA
"1839",2,NA
"1840",1,NA
"1841",-1,NA
"1842",-1,NA
"1843",-1,NA
"1844",1,NA
"1845",-1,NA
"1846",-3,NA
"1847",0,NA
"1848",-2,NA
"1849",0,NA
"1850",-2,NA
"1851",2,NA
"1852",1,NA
"1853",-1,NA
"1854",-3,NA
"1855",0,NA
"1856",0,NA
"1857",4,NA
"1858",-1,NA
"1859",0,NA
"1860",2,NA
"1861",0,NA
"1862",0,NA
"1863",-2,NA
"1864",1,NA
"1865",-1,NA
"1866",-2,NA
"1867",-1,NA
"1868",1,NA
"1869",-1,NA
"1870",0,NA
"1871",-2,NA
"1872",1,NA
"1873",-2,NA
"1874",-1,NA
"1875",-2,NA
"1876",2,NA
"1877",-1,NA
"1878",-2,NA
"1879",2,NA
"1880",-1,NA
"1881",1,NA
"1882",-2,NA
"1883",-1,NA
"1884",-2,NA
"1885",-3,NA
"1886",1,NA
"1887",-2,NA
"1888",-1,NA
"1889",-1,NA
"1890",0,NA
"1891",-1,NA
"1892",4,NA
"1893",-2,NA
"1894",0,NA
"1895",3,NA
"1896",0,NA
"1897",-1,NA
"1898",1,NA
"1899",-2,NA
"1900",-1,NA
"1901",-1,NA
"1902",-2,NA
"1903",-2,NA
"1904",1,NA
"1905",0,NA
"1906",-1,NA
"1907",0,NA
"1908",0,NA
"1909",0,NA
"1910",0,NA
"1911",-3,NA
"1912",0,NA
"1913",0,NA
"1914",0,NA
"1915",0,NA
"1916",-3,NA
"1917",-3,NA
"1918",0,NA
"1919",1,NA
"1920",-2,NA
"1921",1,NA
"1922",-1,NA
"1923",4,NA
"1924",-1,NA
"1925",0,NA
"1926",-1,NA
"1927",-1,NA
"1928",-3,NA
"1929",-1,NA
"1930",3,NA
"1931",-1,NA
"1932",-1,NA
"1933",-3,NA
"1934",-3,NA
"1935",-3,NA
"1936",-2,NA
"1937",-1,NA
"1938",1,NA
"1939",-2,NA
"1940",0,NA
"1941",-1,NA
"1942",-2,NA
"1943",-3,NA
"1944",0,NA
"1945",-3,NA
"1946",1,NA
"1947",-2,NA
"1948",0,NA
"1949",1,NA
"1950",-2,NA
"1951",-2,NA
"1952",0,NA
"1953",-2,NA
"1954",-2,NA
"1955",-1,NA
"1956",-1,NA
"1957",-1,NA
"1958",1,NA
"1959",0,NA
"1960",-2,NA
"1961",4,NA
"1962",-2,NA
"1963",-2,NA
"1964",-2,NA
"1965",-1,NA
"1966",-1,NA
"1967",-1,NA
"1968",-3,NA
"1969",2,NA
"1970",0,NA
"1971",-2,NA
"1972",1,NA
"1973",-1,NA
"1974",-1,NA
"1975",1,NA
"1976",0,NA
"1977",-2,NA
"1978",-1,NA
"1979",2,NA
"1980",-2,NA
"1981",0,NA
"1982",-1,NA
"1983",-2,NA
"1984",-2,NA
"1985",0,NA
"1986",-2,NA
"1987",-1,NA
"1988",-1,NA
"1989",0,NA
"1990",-2,NA
"1991",-1,NA
"1992",-2,NA
"1993",1,NA
"1994",-2,NA
"1995",-2,NA
"1996",1,NA
"1997",-1,NA
"1998",0,NA
"1999",-1,NA
"2000",-1,NA
"2001",-2,NA
"2002",-2,NA
"2003",-2,NA
"2004",-1,NA
"2005",-1,NA
"2006",0,NA
"2007",-1,NA
"2008",-3,NA
"2009",-3,NA
"2010",-2,NA
"2011",1,NA
"2012",-2,NA
"2013",0,NA
"2014",0,NA
"2015",4,NA
"2016",-2,NA
"2017",0,NA
"2018",-2,NA
"2019",-1,NA
"2020",-3,NA
"2021",5,NA
"2022",-1,NA
"2023",5,NA
"2024",-2,NA
"2025",-2,NA
"2026",-2,NA
"2027",0,NA
"2028",0,NA
"2029",-1,NA
"2030",0,NA
"2031",0,NA
"2032",0,NA
"2033",0,NA
"2034",-2,NA
"2035",-2,NA
"2036",0,NA
"2037",0,NA
"2038",2,NA
"2039",2,NA
"2040",0,NA
"2041",-1,NA
"2042",-2,NA
"2043",-1,NA
"2044",0,NA
"2045",2,NA
"2046",2,NA
"2047",1,NA
"2048",-2,NA
"2049",-3,NA
"2050",-1,NA
"2051",0,NA
"2052",-2,NA
"2053",2,NA
"2054",-2,NA
"2055",2,NA
"2056",-2,NA
"2057",0,NA
"2058",1,NA
"2059",0,NA
"2060",0,NA
"2061",-2,NA
"2062",1,NA
"2063",0,NA
"2064",1,NA
"2065",-2,NA
"2066",-3,NA
"2067",-1,NA
"2068",-2,NA
"2069",1,NA
"2070",2,NA
"2071",-2,NA
"2072",2,NA
"2073",0,NA
"2074",-1,NA
"2075",0,NA
"2076",1,NA
"2077",-1,NA
"2078",-1,NA
"2079",3,NA
"2080",-3,NA
"2081",-2,NA
"2082",0,NA
"2083",0,NA
"2084",-2,NA
"2085",-1,NA
"2086",0,NA
"2087",-1,NA
"2088",4,NA
"2089",0,NA
"2090",-1,NA
"2091",-2,NA
"2092",-1,NA
"2093",-2,NA
"2094",-3,NA
"2095",-1,NA
"2096",0,NA
"2097",2,NA
"2098",-1,NA
"2099",-1,NA
"2100",-3,NA
"2101",0,NA
"2102",-1,NA
"2103",-1,NA
"2104",3,NA
"2105",0,NA
"2106",0,NA
"2107",-2,NA
"2108",-2,NA
"2109",1,NA
"2110",1,NA
"2111",0,NA
"2112",-2,NA
"2113",-2,NA
"2114",-1,NA
"2115",-1,NA
"2116",-2,NA
"2117",0,NA
"2118",-3,NA
"2119",0,NA
"2120",1,NA
"2121",2,NA
"2122",0,NA
"2123",-2,NA
"2124",-2,NA
"2125",1,NA
"2126",-3,NA
"2127",1,NA
"2128",-1,NA
"2129",-1,NA
"2130",2,NA
"2131",-2,NA
"2132",-1,NA
"2133",-2,NA
"2134",-2,NA
"2135",0,NA
"2136",0,NA
"2137",-1,NA
"2138",1,NA
"2139",3,NA
"2140",-1,NA
"2141",0,NA
"2142",-2,NA
"2143",-1,NA
"2144",-3,NA
"2145",-2,NA
"2146",-2,NA
"2147",-2,NA
"2148",-1,NA
"2149",0,NA
"2150",0,NA
"2151",-1,NA
"2152",3,NA
"2153",0,NA
"2154",-2,NA
"2155",-1,NA
"2156",-1,NA
"2157",-1,NA
"2158",1,NA
"2159",-2,NA
"2160",-1,NA
"2161",3,NA
"2162",-2,NA
"2163",0,NA
"2164",0,NA
"2165",0,NA
"2166",5,NA
"2167",-3,NA
"2168",4,NA
"2169",0,NA
"2170",-1,NA
"2171",-2,NA
"2172",-1,NA
"2173",-2,NA
"2174",-1,NA
"2175",1,NA
"2176",-3,NA
"2177",-1,NA
"2178",1,NA
"2179",-3,NA
"2180",1,NA
"2181",3,NA
"2182",0,NA
"2183",-3,NA
"2184",-1,NA
"2185",0,NA
"2186",-3,NA
"2187",1,NA
"2188",0,NA
"2189",-2,NA
"2190",0,NA
"2191",0,NA
"2192",-2,NA
"2193",0,NA
"2194",2,NA
"2195",1,NA
"2196",1,NA
"2197",0,NA
"2198",0,NA
"2199",-1,NA
"2200",-2,NA
"2201",1,NA
"2202",0,NA
"2203",1,NA
"2204",-3,NA
"2205",-2,NA
"2206",0,NA
"2207",-3,NA
"2208",0,NA
"2209",0,NA
"2210",-2,NA
"2211",-1,NA
"2212",0,NA
"2213",-2,NA
"2214",-2,NA
"2215",-1,NA
"2216",-2,NA
"2217",-2,NA
"2218",0,NA
"2219",0,NA
"2220",-1,NA
"2221",-2,NA
"2222",0,NA
"2223",1,NA
"2224",-3,NA
"2225",4,NA
"2226",-3,NA
"2227",-2,NA
"2228",-1,NA
"2229",1,NA
"2230",-2,NA
"2231",1,NA
"2232",1,NA
"2233",-1,NA
"2234",0,NA
"2235",-1,NA
"2236",-1,NA
"2237",2,NA
"2238",-2,NA
"2239",-3,NA
"2240",3,NA
"2241",-2,NA
"2242",0,NA
"2243",-3,NA
"2244",3,NA
"2245",2,NA
"2246",1,NA
"2247",-1,NA
"2248",1,NA
"2249",-1,NA
"2250",-2,NA
"2251",6,NA
"2252",4,NA
"2253",-1,NA
"2254",0,NA
"2255",-1,NA
"2256",-2,NA
"2257",0,NA
"2258",-1,NA
"2259",-3,NA
"2260",3,NA
"2261",0,NA
"2262",1,NA
"2263",-1,NA
"2264",-2,NA
"2265",0,NA
"2266",-3,NA
"2267",-2,NA
"2268",1,NA
"2269",-2,NA
"2270",-2,NA
"2271",-2,NA
"2272",-1,NA
"2273",-2,NA
"2274",-3,NA
"2275",2,NA
"2276",2,NA
"2277",2,NA
"2278",-1,NA
"2279",-1,NA
"2280",-3,NA
"2281",-1,NA
"2282",1,NA
"2283",-1,NA
"2284",-1,NA
"2285",-1,NA
"2286",-2,NA
"2287",-1,NA
"2288",-2,NA
"2289",0,NA
"2290",-1,NA
"2291",-2,NA
"2292",2,NA
"2293",-2,NA
"2294",-1,NA
"2295",1,NA
"2296",-2,NA
"2297",-2,NA
"2298",1,NA
"2299",0,NA
"2300",1,NA
"2301",-1,NA
"2302",1,NA
"2303",-2,NA
"2304",0,NA
"2305",0,NA
"2306",-2,NA
"2307",0,NA
"2308",0,NA
"2309",2,NA
"2310",-1,NA
"2311",-1,NA
"2312",-3,NA
"2313",-1,NA
"2314",0,NA
"2315",0,NA
"2316",1,NA
"2317",-2,NA
"2318",0,NA
"2319",-2,NA
"2320",0,NA
"2321",0,NA
"2322",-1,NA
"2323",-1,NA
"2324",0,NA
"2325",-1,NA
"2326",-2,NA
"2327",-1,NA
"2328",-3,NA
"2329",-2,NA
"2330",-1,NA
"2331",-3,NA
"2332",-2,NA
"2333",0,NA
"2334",0,NA
"2335",1,NA
"2336",-3,NA
"2337",-2,NA
"2338",2,NA
"2339",2,NA
"2340",2,NA
"2341",0,NA
"2342",-2,NA
"2343",2,NA
"2344",2,NA
"2345",-2,NA
"2346",-3,NA
"2347",0,NA
"2348",-1,NA
"2349",-1,NA
"2350",-1,NA
"2351",1,NA
"2352",1,NA
"2353",-2,NA
"2354",0,NA
"2355",-1,NA
"2356",-3,NA
"2357",-3,NA
"2358",-2,NA
"2359",-2,NA
"2360",-1,NA
"2361",-1,NA
"2362",0,NA
"2363",-2,NA
"2364",1,NA
"2365",-1,NA
"2366",-2,NA
"2367",-1,NA
"2368",0,NA
"2369",0,NA
"2370",0,NA
"2371",1,NA
"2372",-1,NA
"2373",-2,NA
"2374",-1,NA
"2375",-1,NA
"2376",-2,NA
"2377",2,NA
"2378",-1,NA
"2379",-3,NA
"2380",2,NA
"2381",-1,NA
"2382",-3,NA
"2383",3,NA
"2384",-1,NA
"2385",3,NA
"2386",-2,NA
"2387",0,NA
"2388",1,NA
"2389",-2,NA
"2390",0,NA
"2391",0,NA
"2392",-3,NA
"2393",-2,NA
"2394",-1,NA
"2395",2,NA
"2396",4,NA
"2397",-2,NA
"2398",-1,NA
"2399",0,NA
"2400",2,NA
"2401",0,NA
"2402",0,NA
"2403",-2,NA
"2404",2,NA
"2405",1,NA
"2406",-1,NA
"2407",-2,NA
"2408",0,NA
"2409",0,NA
"2410",-1,NA
"2411",1,NA
"2412",0,NA
"2413",-2,NA
"2414",-3,NA
"2415",1,NA
"2416",-2,NA
"2417",-1,NA
"2418",-1,NA
"2419",0,NA
"2420",-1,NA
"2421",0,NA
"2422",1,NA
"2423",-1,NA
"2424",-1,NA
"2425",0,NA
"2426",-1,NA
"2427",-2,NA
"2428",1,NA
"2429",-1,NA
"2430",0,NA
"2431",1,NA
"2432",-1,NA
"2433",-3,NA
"2434",0,NA
"2435",-3,NA
"2436",-1,NA
"2437",-2,NA
"2438",0,NA
"2439",-3,NA
"2440",1,NA
"2441",0,NA
"2442",-2,NA
"2443",-2,NA
"2444",-3,NA
"2445",-3,NA
"2446",1,NA
"2447",-2,NA
"2448",-3,NA
"2449",-1,NA
"2450",0,NA
"2451",1,NA
"2452",-1,NA
"2453",-2,NA
"2454",1,NA
"2455",1,NA
"2456",4,NA
"2457",0,NA
"2458",-2,NA
"2459",0,NA
"2460",-1,NA
"2461",-2,NA
"2462",0,NA
"2463",3,NA
"2464",-2,NA
"2465",-1,NA
"2466",-1,NA
"2467",-3,NA
"2468",-2,NA
"2469",-1,NA
"2470",-3,NA
"2471",-3,NA
"2472",-2,NA
"2473",-1,NA
"2474",0,NA
"2475",-1,NA
"2476",-1,NA
"2477",0,NA
"2478",-2,NA
"2479",1,NA
"2480",-1,NA
"2481",-2,NA
"2482",-1,NA
"2483",1,NA
"2484",-2,NA
"2485",2,NA
"2486",-2,NA
"2487",-2,NA
"2488",0,NA
"2489",-2,NA
"2490",0,NA
"2491",0,NA
"2492",-2,NA
"2493",0,NA
"2494",2,NA
"2495",0,NA
"2496",1,NA
"2497",2,NA
"2498",-2,NA
"2499",0,NA
"2500",-2,NA
"2501",1,NA
"2502",0,NA
"2503",0,NA
"2504",-1,NA
"2505",0,NA
"2506",-1,NA
"2507",0,NA
"2508",1,NA
"2509",2,NA
"2510",-1,NA
"2511",-2,NA
"2512",-2,NA
"2513",-2,NA
"2514",-2,NA
"2515",0,NA
"2516",0,NA
"2517",-1,NA
"2518",0,NA
"2519",-1,NA
"2520",-1,NA
"2521",1,NA
"2522",0,NA
"2523",1,NA
"2524",-2,NA
"2525",-1,NA
"2526",3,NA
"2527",-1,NA
"2528",-3,NA
"2529",-1,NA
"2530",2,NA
"2531",1,NA
"2532",-1,NA
"2533",0,NA
"2534",-1,NA
"2535",2,NA
"2536",-2,NA
"2537",-1,NA
"2538",1,NA
"2539",1,NA
"2540",2,NA
"2541",1,NA
"2542",-2,NA
"2543",0,NA
"2544",0,NA
"2545",0,NA
"2546",2,NA
"2547",-1,NA
"2548",2,NA
"2549",-1,NA
"2550",-2,NA
"2551",0,NA
"2552",-2,NA
"2553",-1,NA
"2554",-1,NA
"2555",1,NA
"2556",0,NA
"2557",-1,NA
"2558",-2,NA
"2559",-1,NA
"2560",-2,NA
"2561",-1,NA
"2562",1,NA
"2563",-1,NA
"2564",-1,NA
"2565",-1,NA
"2566",1,NA
"2567",-3,NA
"2568",-1,NA
"2569",-2,NA
"2570",1,NA
"2571",-1,NA
"2572",-1,NA
"2573",-1,NA
"2574",-1,NA
"2575",-2,NA
"2576",-3,NA
"2577",-3,NA
"2578",-3,NA
"2579",-1,NA
"2580",0,NA
"2581",0,NA
"2582",-2,NA
"2583",3,NA
"2584",-2,NA
"2585",-1,NA
"2586",0,NA
"2587",2,NA
"2588",1,NA
"2589",-1,NA
"2590",-1,NA
"2591",-1,NA
"2592",1,NA
"2593",0,NA
"2594",-2,NA
"2595",-2,NA
"2596",1,NA
"2597",-1,NA
"2598",1,NA
"2599",1,NA
"2600",-1,NA
"2601",-2,NA
"2602",0,NA
"2603",-1,NA
"2604",1,NA
"2605",-2,NA
"2606",-2,NA
"2607",0,NA
"2608",-2,NA
"2609",0,NA
"2610",-1,NA
"2611",0,NA
"2612",-1,NA
"2613",-2,NA
"2614",-1,NA
"2615",-1,NA
"2616",0,NA
"2617",-2,NA
"2618",0,NA
"2619",-1,NA
"2620",2,NA
"2621",2,NA
"2622",-2,NA
"2623",-1,NA
"2624",0,NA
"2625",0,NA
"2626",-1,NA
"2627",-2,NA
"2628",-2,NA
"2629",-1,NA
"2630",-3,NA
"2631",0,NA
"2632",0,NA
"2633",-2,NA
"2634",-1,NA
"2635",-3,NA
"2636",-2,NA
"2637",2,NA
"2638",0,NA
"2639",0,NA
"2640",-1,NA
"2641",-2,NA
"2642",2,NA
"2643",-3,NA
"2644",-2,NA
"2645",3,NA
"2646",1,NA
"2647",6,NA
"2648",-2,NA
"2649",0,NA
"2650",-3,NA
"2651",1,NA
"2652",1,NA
"2653",1,NA
"2654",-3,NA
"2655",-2,NA
"2656",0,NA
"2657",-1,NA
"2658",0,NA
"2659",-3,NA
"2660",0,NA
"2661",-2,NA
"2662",-2,NA
"2663",0,NA
"2664",-2,NA
"2665",-1,NA
"2666",0,NA
"2667",-1,NA
"2668",-1,NA
"2669",-1,NA
"2670",-2,NA
"2671",-3,NA
"2672",-2,NA
"2673",1,NA
"2674",-2,NA
"2675",-3,NA
"2676",-3,NA
"2677",-1,NA
"2678",1,NA
"2679",-1,NA
"2680",-1,NA
"2681",-1,NA
"2682",-1,NA
"2683",2,NA
"2684",2,NA
"2685",-2,NA
"2686",0,NA
"2687",-2,NA
"2688",2,NA
"2689",-3,NA
"2690",4,NA
"2691",-2,NA
"2692",-1,NA
"2693",-2,NA
"2694",0,NA
"2695",0,NA
"2696",4,NA
"2697",-2,NA
"2698",1,NA
"2699",0,NA
"2700",3,NA
"2701",-1,NA
"2702",0,NA
"2703",-3,NA
"2704",0,NA
"2705",-2,NA
"2706",2,NA
"2707",1,NA
"2708",1,NA
"2709",1,NA
"2710",-1,NA
"2711",3,NA
"2712",-1,NA
"2713",-1,NA
"2714",-1,NA
"2715",-3,NA
"2716",2,NA
"2717",-2,NA
"2718",-1,NA
"2719",0,NA
"2720",0,NA
"2721",3,NA
"2722",-2,NA
"2723",-1,NA
"2724",2,NA
"2725",1,NA
"2726",2,NA
"2727",1,NA
"2728",-2,NA
"2729",-2,NA
"2730",-2,NA
"2731",-1,NA
"2732",1,NA
"2733",2,NA
"2734",-1,NA
"2735",1,NA
"2736",-1,NA
"2737",0,NA
"2738",0,NA
"2739",0,NA
"2740",1,NA
"2741",-1,NA
"2742",-2,NA
"2743",-2,NA
"2744",-3,NA
"2745",2,NA
"2746",1,NA
"2747",-3,NA
"2748",-2,NA
"2749",-2,NA
"2750",-1,NA
"2751",0,NA
"2752",-2,NA
"2753",-2,NA
"2754",-1,NA
"2755",-2,NA
"2756",-1,NA
"2757",-2,NA
"2758",2,NA
"2759",0,NA
"2760",-1,NA
"2761",0,NA
"2762",-2,NA
"2763",0,NA
"2764",-1,NA
"2765",0,NA
"2766",-1,NA
"2767",0,NA
"2768",-2,NA
"2769",0,NA
"2770",0,NA
"2771",-3,NA
"2772",-1,NA
"2773",-1,NA
"2774",-1,NA
"2775",-1,NA
"2776",1,NA
"2777",0,NA
"2778",-3,NA
"2779",-2,NA
"2780",-1,NA
"2781",-1,NA
"2782",0,NA
"2783",-2,NA
"2784",3,NA
"2785",1,NA
"2786",0,NA
"2787",2,NA
"2788",-3,NA
"2789",1,NA
"2790",2,NA
"2791",-2,NA
"2792",-1,NA
"2793",0,NA
"2794",-1,NA
"2795",1,NA
"2796",-1,NA
"2797",0,NA
"2798",0,NA
"2799",-2,NA
"2800",1,NA
"2801",-2,NA
"2802",0,NA
"2803",-2,NA
"2804",-3,NA
"2805",0,NA
"2806",0,NA
"2807",-1,NA
"2808",2,NA
"2809",0,NA
"2810",2,NA
"2811",2,NA
"2812",-1,NA
"2813",0,NA
"2814",1,NA
"2815",2,NA
"2816",-2,NA
"2817",-3,NA
"2818",4,NA
"2819",-1,NA
"2820",0,NA
"2821",-1,NA
"2822",-1,NA
"2823",0,NA
"2824",1,NA
"2825",-2,NA
"2826",-1,NA
"2827",1,NA
"2828",-2,NA
"2829",0,NA
"2830",-1,NA
"2831",0,NA
"2832",0,NA
"2833",0,NA
"2834",1,NA
"2835",-1,NA
"2836",-1,NA
"2837",1,NA
"2838",-1,NA
"2839",0,NA
"2840",1,NA
"2841",-1,NA
"2842",-1,NA
"2843",1,NA
"2844",0,NA
"2845",0,NA
"2846",0,NA
"2847",0,NA
"2848",-2,NA
"2849",-2,NA
"2850",-2,NA
"2851",2,NA
"2852",-2,NA
"2853",-1,NA
"2854",-3,NA
"2855",1,NA
"2856",-1,NA
"2857",-1,NA
"2858",2,NA
"2859",-1,NA
"2860",0,NA
"2861",1,NA
"2862",-2,NA
"2863",-3,NA
"2864",-1,NA
"2865",0,NA
"2866",1,NA
"2867",0,NA
"2868",2,NA
"2869",-3,NA
"2870",-1,NA
"2871",0,NA
"2872",-2,NA
"2873",-3,NA
"2874",-2,NA
"2875",0,NA
"2876",1,NA
"2877",-1,NA
"2878",-2,NA
"2879",-2,NA
"2880",2,NA
"2881",-1,NA
"2882",0,NA
"2883",2,NA
"2884",0,NA
"2885",-2,NA
"2886",2,NA
"2887",0,NA
"2888",-3,NA
"2889",0,NA
"2890",1,NA
"2891",-2,NA
"2892",2,NA
"2893",-3,NA
"2894",-2,NA
"2895",-3,NA
"2896",-1,NA
"2897",0,NA
"2898",0,NA
"2899",-1,NA
"2900",-3,NA
"2901",3,NA
"2902",0,NA
"2903",0,NA
"2904",-2,NA
"2905",1,NA
"2906",0,NA
"2907",2,NA
"2908",-1,NA
"2909",-1,NA
"2910",0,NA
"2911",0,NA
"2912",-1,NA
"2913",1,NA
"2914",-1,NA
"2915",2,NA
"2916",0,NA
"2917",1,NA
"2918",0,NA
"2919",0,NA
"2920",0,NA
"2921",-2,NA
"2922",0,NA
"2923",1,NA
"2924",-2,NA
"2925",0,NA
"2926",-2,NA
"2927",0,NA
"2928",2,NA
"2929",0,NA
"2930",0,NA
"2931",-1,NA
"2932",-2,NA
"2933",-1,NA
"2934",-2,NA
"2935",0,NA
"2936",-1,NA
"2937",0,NA
"2938",-1,NA
"2939",-2,NA
"2940",-1,NA
"2941",-1,NA
"2942",1,NA
"2943",-2,NA
"2944",-3,NA
"2945",-2,NA
"2946",2,NA
"2947",-1,NA
"2948",0,NA
"2949",-3,NA
"2950",-1,NA
"2951",-3,NA
"2952",0,NA
"2953",1,NA
"2954",-2,NA
"2955",-2,NA
"2956",1,NA
"2957",-3,NA
"2958",1,NA
"2959",-1,NA
"2960",-3,NA
"2961",2,NA
"2962",-2,NA
"2963",0,NA
"2964",-1,NA
"2965",0,NA
"2966",-2,NA
"2967",1,NA
"2968",-3,NA
"2969",-2,NA
"2970",-2,NA
"2971",1,NA
"2972",-1,NA
"2973",-2,NA
"2974",-3,NA
"2975",-1,NA
"2976",-1,NA
"2977",3,NA
"2978",-2,NA
"2979",1,NA
"2980",-3,NA
"2981",1,NA
"2982",-2,NA
"2983",-2,NA
"2984",-2,NA
"2985",-2,NA
"2986",2,NA
"2987",4,NA
"2988",-1,NA
"2989",-2,NA
"2990",0,NA
"2991",0,NA
"2992",-1,NA
"2993",1,NA
"2994",-2,NA
"2995",1,NA
"2996",-2,NA
"2997",1,NA
"2998",-3,NA
"2999",-1,NA
"3000",0,NA
"3001",-2,NA
"3002",2,NA
"3003",-1,NA
"3004",0,NA
"3005",-2,NA
"3006",0,NA
"3007",0,NA
"3008",-1,NA
"3009",1,NA
"3010",1,NA
"3011",3,NA
"3012",0,NA
"3013",0,NA
"3014",-3,NA
"3015",-2,NA
"3016",-3,NA
"3017",1,NA
"3018",-1,NA
"3019",1,NA
"3020",-2,NA
"3021",-1,NA
"3022",0,NA
"3023",-3,NA
"3024",-1,NA
"3025",1,NA
"3026",1,NA
"3027",1,NA
"3028",2,NA
"3029",-1,NA
"3030",2,NA
"3031",0,NA
"3032",-1,NA
"3033",-1,NA
"3034",-2,NA
"3035",0,NA
"3036",-1,NA
"3037",-1,NA
"3038",-3,NA
"3039",-1,NA
"3040",1,NA
"3041",-1,NA
"3042",-3,NA
"3043",-1,NA
"3044",-2,NA
"3045",-2,NA
"3046",0,NA
"3047",-1,NA
"3048",0,NA
"3049",-1,NA
"3050",1,NA
"3051",0,NA
"3052",-2,NA
"3053",2,NA
"3054",-3,NA
"3055",-2,NA
"3056",1,NA
"3057",-1,NA
"3058",0,NA
"3059",0,NA
"3060",4,NA
"3061",3,NA
"3062",-2,NA
"3063",0,NA
"3064",-3,NA
"3065",-1,NA
"3066",1,NA
"3067",-1,NA
"3068",2,NA
"3069",0,NA
"3070",-1,NA
"3071",1,NA
"3072",1,NA
"3073",-1,NA
"3074",-1,NA
"3075",0,NA
"3076",1,NA
"3077",0,NA
"3078",0,NA
"3079",1,NA
"3080",0,NA
"3081",1,NA
"3082",-2,NA
"3083",0,NA
"3084",-2,NA
"3085",-1,NA
"3086",-2,NA
"3087",2,NA
"3088",-1,NA
"3089",0,NA
"3090",-3,NA
"3091",2,NA
"3092",0,NA
"3093",-1,NA
"3094",-2,NA
"3095",0,NA
"3096",0,NA
"3097",-3,NA
"3098",-3,NA
"3099",-1,NA
"3100",-2,NA
"3101",-1,NA
"3102",3,NA
"3103",-2,NA
"3104",0,NA
"3105",-2,NA
"3106",-1,NA
"3107",1,NA
"3108",-2,NA
"3109",1,NA
"3110",-2,NA
"3111",-2,NA
"3112",-2,NA
"3113",0,NA
"3114",0,NA
"3115",-2,NA
"3116",3,NA
"3117",-2,NA
"3118",2,NA
"3119",0,NA
"3120",0,NA
"3121",-2,NA
"3122",-1,NA
"3123",1,NA
"3124",2,NA
"3125",-1,NA
"3126",1,NA
"3127",0,NA
"3128",-1,NA
"3129",-1,NA
"3130",3,NA
"3131",-2,NA
"3132",0,NA
"3133",1,NA
"3134",-2,NA
"3135",0,NA
"3136",-2,NA
"3137",-1,NA
"3138",-2,NA
"3139",-1,NA
"3140",0,NA
"3141",2,NA
"3142",-1,NA
"3143",-2,NA
"3144",-1,NA
"3145",-2,NA
"3146",-2,NA
"3147",-2,NA
"3148",2,NA
"3149",-3,NA
"3150",-1,NA
"3151",1,NA
"3152",1,NA
"3153",0,NA
"3154",-2,NA
"3155",0,NA
"3156",-2,NA
"3157",-1,NA
"3158",-2,NA
"3159",-1,NA
"3160",0,NA
"3161",-2,NA
"3162",-1,NA
"3163",1,NA
"3164",-2,NA
"3165",-3,NA
"3166",1,NA
"3167",0,NA
"3168",-1,NA
"3169",-2,NA
"3170",-2,NA
"3171",0,NA
"3172",-3,NA
"3173",-2,NA
"3174",1,NA
"3175",-1,NA
"3176",-3,NA
"3177",3,NA
"3178",-2,NA
"3179",0,NA
"3180",1,NA
"3181",-3,NA
"3182",1,NA
"3183",-1,NA
"3184",-1,NA
"3185",-1,NA
"3186",0,NA
"3187",-2,NA
"3188",-1,NA
"3189",0,NA
"3190",0,NA
"3191",-1,NA
"3192",0,NA
"3193",-1,NA
"3194",2,NA
"3195",3,NA
"3196",0,NA
"3197",-3,NA
"3198",-1,NA
"3199",1,NA
"3200",-2,NA
"3201",-1,NA
"3202",-1,NA
"3203",0,NA
"3204",-1,NA
"3205",-1,NA
"3206",-1,NA
"3207",-2,NA
"3208",0,NA
"3209",-3,NA
"3210",0,NA
"3211",-1,NA
"3212",-3,NA
"3213",4,NA
"3214",0,NA
"3215",1,NA
"3216",-1,NA
"3217",2,NA
"3218",-1,NA
"3219",1,NA
"3220",-3,NA
"3221",1,NA
"3222",-3,NA
"3223",1,NA
"3224",0,NA
"3225",0,NA
"3226",0,NA
"3227",-2,NA
"3228",0,NA
"3229",-1,NA
"3230",0,NA
"3231",-3,NA
"3232",-1,NA
"3233",-1,NA
"3234",-1,NA
"3235",1,NA
"3236",-1,NA
"3237",1,NA
"3238",0,NA
"3239",-1,NA
"3240",0,NA
"3241",-2,NA
"3242",0,NA
"3243",6,NA
"3244",2,NA
"3245",1,NA
"3246",1,NA
"3247",2,NA
"3248",0,NA
"3249",-1,NA
"3250",0,NA
"3251",-1,NA
"3252",-3,NA
"3253",0,NA
"3254",-1,NA
"3255",2,NA
"3256",-2,NA
"3257",-1,NA
"3258",2,NA
"3259",1,NA
"3260",-1,NA
"3261",-3,NA
"3262",-2,NA
"3263",-1,NA
"3264",0,NA
"3265",-2,NA
"3266",3,NA
"3267",1,NA
"3268",-2,NA
"3269",-1,NA
"3270",-1,NA
"3271",-1,NA
"3272",-1,NA
"3273",2,NA
"3274",-2,NA
"3275",1,NA
"3276",1,NA
"3277",-2,NA
"3278",-2,NA
"3279",0,NA
"3280",-1,NA
"3281",-2,NA
"3282",-2,NA
"3283",-1,NA
"3284",0,NA
"3285",2,NA
"3286",-1,NA
"3287",2,NA
"3288",-2,NA
"3289",1,NA
"3290",-2,NA
"3291",-2,NA
"3292",-2,NA
"3293",-3,NA
"3294",-2,NA
"3295",-2,NA
"3296",-2,NA
"3297",1,NA
"3298",-3,NA
"3299",-1,NA
"3300",2,NA
"3301",-3,NA
"3302",-1,NA
"3303",-1,NA
"3304",0,NA
"3305",2,NA
"3306",-1,NA
"3307",0,NA
"3308",0,NA
"3309",-2,NA
"3310",-1,NA
"3311",-3,NA
"3312",1,NA
"3313",-2,NA
"3314",1,NA
"3315",-1,NA
"3316",-2,NA
"3317",1,NA
"3318",-3,NA
"3319",-3,NA
"3320",0,NA
"3321",1,NA
"3322",-1,NA
"3323",-1,NA
"3324",-2,NA
"3325",0,NA
"3326",-1,NA
"3327",-3,NA
"3328",1,NA
"3329",-2,NA
"3330",-1,NA
"3331",-1,NA
"3332",-2,NA
"3333",1,NA
"3334",0,NA
"3335",1,NA
"3336",-2,NA
"3337",0,NA
"3338",0,NA
"3339",2,NA
"3340",0,NA
"3341",-1,NA
"3342",2,NA
"3343",1,NA
"3344",-1,NA
"3345",-1,NA
"3346",1,NA
"3347",-2,NA
"3348",1,NA
"3349",1,NA
"3350",-1,NA
"3351",2,NA
"3352",-3,NA
"3353",1,NA
"3354",-1,NA
"3355",-1,NA
"3356",0,NA
"3357",-1,NA
"3358",0,NA
"3359",2,NA
"3360",0,NA
"3361",0,NA
"3362",-1,NA
"3363",1,NA
"3364",1,NA
"3365",-1,NA
"3366",-1,NA
"3367",1,NA
"3368",-1,NA
"3369",-2,NA
"3370",0,NA
"3371",0,NA
"3372",0,NA
"3373",-2,NA
"3374",2,NA
"3375",-3,NA
"3376",2,NA
"3377",-2,NA
"3378",1,NA
"3379",-1,NA
"3380",0,NA
"3381",1,NA
"3382",-2,NA
"3383",-3,NA
"3384",-2,NA
"3385",-2,NA
"3386",-2,NA
"3387",3,NA
"3388",-2,NA
"3389",-1,NA
"3390",0,NA
"3391",0,NA
"3392",-2,NA
"3393",-1,NA
"3394",-1,NA
"3395",-1,NA
"3396",2,NA
"3397",-1,NA
"3398",0,NA
"3399",-1,NA
"3400",-1,NA
"3401",-1,NA
"3402",-2,NA
"3403",-1,NA
"3404",-2,NA
"3405",-3,NA
"3406",-2,NA
"3407",3,NA
"3408",-1,NA
"3409",3,NA
"3410",-2,NA
"3411",-2,NA
"3412",0,NA
"3413",-1,NA
"3414",1,NA
"3415",2,NA
"3416",0,NA
"3417",1,NA
"3418",-2,NA
"3419",2,NA
"3420",-2,NA
"3421",-2,NA
"3422",0,NA
"3423",4,NA
"3424",-1,NA
"3425",-2,NA
"3426",-2,NA
"3427",1,NA
"3428",0,NA
"3429",0,NA
"3430",0,NA
"3431",-1,NA
"3432",-1,NA
"3433",-1,NA
"3434",0,NA
"3435",-2,NA
"3436",-2,NA
"3437",2,NA
"3438",4,NA
"3439",-1,NA
"3440",-3,NA
"3441",0,NA
"3442",0,NA
"3443",0,NA
"3444",-1,NA
"3445",-1,NA
"3446",-3,NA
"3447",-2,NA
"3448",-1,NA
"3449",0,NA
"3450",-2,NA
"3451",-3,NA
"3452",-1,NA
"3453",-3,NA
"3454",-2,NA
"3455",-2,NA
"3456",-1,NA
"3457",-2,NA
"3458",0,NA
"3459",-1,NA
"3460",-2,NA
"3461",2,NA
"3462",0,NA
"3463",-3,NA
"3464",-2,NA
"3465",0,NA
"3466",2,NA
"3467",1,NA
"3468",-1,NA
"3469",-2,NA
"3470",-2,NA
"3471",-1,NA
"3472",-1,NA
"3473",1,NA
"3474",1,NA
"3475",-1,NA
"3476",0,NA
"3477",-1,NA
"3478",-1,NA
"3479",0,NA
"3480",2,NA
"3481",-1,NA
"3482",0,NA
"3483",-2,NA
"3484",-1,NA
"3485",-1,NA
"3486",-2,NA
"3487",3,NA
"3488",1,NA
"3489",1,NA
"3490",0,NA
"3491",-2,NA
"3492",-3,NA
"3493",-2,NA
"3494",1,NA
"3495",-1,NA
"3496",1,NA
"3497",2,NA
"3498",0,NA
"3499",0,NA
"3500",-3,NA
"3501",-2,NA
"3502",-1,NA
"3503",1,NA
"3504",-1,NA
"3505",-1,NA
"3506",0,NA
"3507",-2,NA
"3508",-3,NA
"3509",0,NA
"3510",1,NA
"3511",2,NA
"3512",-3,NA
"3513",0,NA
"3514",-1,NA
"3515",0,NA
"3516",-2,NA
"3517",-2,NA
"3518",-1,NA
"3519",0,NA
"3520",-2,NA
"3521",-2,NA
"3522",0,NA
"3523",-3,NA
"3524",-1,NA
"3525",-1,NA
"3526",-1,NA
"3527",-1,NA
"3528",0,NA
"3529",4,NA
"3530",1,NA
"3531",-2,NA
"3532",1,NA
"3533",0,NA
"3534",0,NA
"3535",1,NA
"3536",-1,NA
"3537",1,NA
"3538",-2,NA
"3539",-1,NA
"3540",-2,NA
"3541",-2,NA
"3542",2,NA
"3543",-1,NA
"3544",-1,NA
"3545",3,NA
"3546",3,NA
"3547",0,NA
"3548",1,NA
"3549",-3,NA
"3550",0,NA
"3551",2,NA
"3552",-1,NA
"3553",0,NA
"3554",1,NA
"3555",-1,NA
"3556",1,NA
"3557",-1,NA
"3558",-3,NA
"3559",-1,NA
"3560",-1,NA
"3561",0,NA
"3562",-1,NA
"3563",-1,NA
"3564",0,NA
"3565",0,NA
"3566",3,NA
"3567",-2,NA
"3568",3,NA
"3569",0,NA
"3570",0,NA
"3571",1,NA
"3572",0,NA
"3573",0,NA
"3574",4,NA
"3575",1,NA
"3576",0,NA
"3577",-2,NA
"3578",-2,NA
"3579",-1,NA
"3580",-2,NA
"3581",0,NA
"3582",-1,NA
"3583",-2,NA
"3584",1,NA
"3585",2,NA
"3586",-2,NA
"3587",-2,NA
"3588",0,NA
"3589",0,NA
"3590",-2,NA
"3591",0,NA
"3592",0,NA
"3593",-1,NA
"3594",-1,NA
"3595",-1,NA
"3596",2,NA
"3597",0,NA
"3598",2,NA
"3599",-2,NA
"3600",0,NA
"3601",-2,NA
"3602",0,NA
"3603",-2,NA
"3604",-1,NA
"3605",-1,NA
"3606",1,NA
"3607",1,NA
"3608",0,NA
"3609",2,NA
"3610",-2,NA
"3611",0,NA
"3612",0,NA
"3613",0,NA
"3614",-2,NA
"3615",-1,NA
"3616",-2,NA
"3617",-1,NA
"3618",0,NA
"3619",-3,NA
"3620",0,NA
"3621",0,NA
"3622",0,NA
"3623",-2,NA
"3624",-1,NA
"3625",0,NA
"3626",2,NA
"3627",-1,NA
"3628",-2,NA
"3629",-2,NA
"3630",-1,NA
"3631",-1,NA
"3632",-1,NA
"3633",-1,NA
"3634",0,NA
"3635",1,NA
"3636",-1,NA
"3637",0,NA
"3638",-1,NA
"3639",0,NA
"3640",0,NA
"3641",-2,NA
"3642",-2,NA
"3643",2,NA
"3644",-1,NA
"3645",0,NA
"3646",2,NA
"3647",-2,NA
"3648",-2,NA
"3649",0,NA
"3650",1,NA
"3651",1,NA
"3652",-2,NA
"3653",-3,NA
"3654",1,NA
"3655",2,NA
"3656",0,NA
"3657",-1,NA
"3658",0,NA
"3659",1,NA
"3660",-1,NA
"3661",-1,NA
"3662",1,NA
"3663",-1,NA
"3664",2,NA
"3665",-3,NA
"3666",-1,NA
"3667",-2,NA
"3668",-1,NA
"3669",-1,NA
"3670",0,NA
"3671",1,NA
"3672",-1,NA
"3673",-3,NA
"3674",2,NA
"3675",2,NA
"3676",0,NA
"3677",2,NA
"3678",0,NA
"3679",-2,NA
"3680",-2,NA
"3681",0,NA
"3682",2,NA
"3683",-2,NA
"3684",1,NA
"3685",-1,NA
"3686",-3,NA
"3687",1,NA
"3688",3,NA
"3689",1,NA
"3690",-2,NA
"3691",-2,NA
"3692",-2,NA
"3693",-1,NA
"3694",-2,NA
"3695",-2,NA
"3696",-2,NA
"3697",0,NA
"3698",1,NA
"3699",-3,NA
"3700",-3,NA
"3701",-3,NA
"3702",-2,NA
"3703",2,NA
"3704",-2,NA
"3705",4,NA
"3706",0,NA
"3707",-1,NA
"3708",-1,NA
"3709",1,NA
"3710",-1,NA
"3711",-1,NA
"3712",-2,NA
"3713",2,NA
"3714",0,NA
"3715",0,NA
"3716",-2,NA
"3717",0,NA
"3718",2,NA
"3719",-3,NA
"3720",-1,NA
"3721",1,NA
"3722",-2,NA
"3723",-1,NA
"3724",2,NA
"3725",-3,NA
"3726",-1,NA
"3727",-1,NA
"3728",-2,NA
"3729",-1,NA
"3730",-2,NA
"3731",1,NA
"3732",0,NA
"3733",-2,NA
"3734",-2,NA
"3735",-2,NA
"3736",2,NA
"3737",2,NA
"3738",-2,NA
"3739",2,NA
"3740",-3,NA
"3741",1,NA
"3742",-3,NA
"3743",2,NA
"3744",-2,NA
"3745",0,NA
"3746",0,NA
"3747",-2,NA
"3748",-3,NA
"3749",0,NA
"3750",-1,NA
"3751",1,NA
"3752",-1,NA
"3753",4,NA
"3754",-3,NA
"3755",-3,NA
"3756",0,NA
"3757",0,NA
"3758",-3,NA
"3759",0,NA
"3760",-3,NA
"3761",-1,NA
"3762",2,NA
"3763",-3,NA
"3764",2,NA
"3765",1,NA
"3766",1,NA
"3767",-2,NA
"3768",4,NA
"3769",0,NA
"3770",-2,NA
"3771",1,NA
"3772",2,NA
"3773",2,NA
"3774",-2,NA
"3775",-3,NA
"3776",1,NA
"3777",1,NA
"3778",-3,NA
"3779",-2,NA
"3780",0,NA
"3781",-2,NA
"3782",-3,NA
"3783",2,NA
"3784",-3,NA
"3785",1,NA
"3786",-2,NA
"3787",-1,NA
"3788",-2,NA
"3789",1,NA
"3790",0,NA
"3791",-2,NA
"3792",-1,NA
"3793",-1,NA
"3794",2,NA
"3795",-1,NA
"3796",2,NA
"3797",-1,NA
"3798",1,NA
"3799",1,NA
"3800",-1,NA
"3801",2,NA
"3802",-1,NA
"3803",-1,NA
"3804",-1,NA
"3805",-1,NA
"3806",1,NA
"3807",2,NA
"3808",-1,NA
"3809",-1,NA
"3810",-2,NA
"3811",-3,NA
"3812",0,NA
"3813",0,NA
"3814",-3,NA
"3815",-2,NA
"3816",-1,NA
"3817",-2,NA
"3818",-2,NA
"3819",2,NA
"3820",-1,NA
"3821",4,NA
"3822",0,NA
"3823",-2,NA
"3824",0,NA
"3825",1,NA
"3826",0,NA
"3827",-1,NA
"3828",-1,NA
"3829",0,NA
"3830",-2,NA
"3831",1,NA
"3832",-2,NA
"3833",0,NA
"3834",-1,NA
"3835",-2,NA
"3836",3,NA
"3837",-1,NA
"3838",-3,NA
"3839",0,NA
"3840",0,NA
"3841",-3,NA
"3842",-1,NA
"3843",1,NA
"3844",-2,NA
"3845",-3,NA
"3846",0,NA
"3847",-1,NA
"3848",-1,NA
"3849",-1,NA
"3850",2,NA
"3851",2,NA
"3852",-2,NA
"3853",0,NA
"3854",-3,NA
"3855",-1,NA
"3856",-2,NA
"3857",0,NA
"3858",-2,NA
"3859",-2,NA
"3860",1,NA
"3861",-1,NA
"3862",-1,NA
"3863",1,NA
"3864",0,NA
"3865",0,NA
"3866",0,NA
"3867",-2,NA
"3868",1,NA
"3869",0,NA
"3870",1,NA
"3871",-3,NA
"3872",1,NA
"3873",-2,NA
"3874",-1,NA
"3875",1,NA
"3876",-2,NA
"3877",-3,NA
"3878",0,NA
"3879",-3,NA
"3880",1,NA
"3881",2,NA
"3882",-2,NA
"3883",-2,NA
"3884",1,NA
"3885",1,NA
"3886",-2,NA
"3887",-1,NA
"3888",-1,NA
"3889",0,NA
"3890",-1,NA
"3891",1,NA
"3892",-1,NA
"3893",-2,NA
"3894",-3,NA
"3895",-1,NA
"3896",0,NA
"3897",-1,NA
"3898",-2,NA
"3899",5,NA
"3900",-2,NA
"3901",-1,NA
"3902",-2,NA
"3903",0,NA
"3904",-1,NA
"3905",-1,NA
"3906",-1,NA
"3907",-1,NA
"3908",1,NA
"3909",2,NA
"3910",0,NA
"3911",-1,NA
"3912",0,NA
"3913",-1,NA
"3914",-3,NA
"3915",0,NA
"3916",0,NA
"3917",-1,NA
"3918",-3,NA
"3919",3,NA
"3920",4,NA
"3921",-3,NA
"3922",-1,NA
"3923",3,NA
"3924",-2,NA
"3925",-1,NA
"3926",-1,NA
"3927",2,NA
"3928",0,NA
"3929",-3,NA
"3930",1,NA
"3931",1,NA
"3932",1,NA
"3933",1,NA
"3934",-3,NA
"3935",-2,NA
"3936",1,NA
"3937",-2,NA
"3938",-3,NA
"3939",0,NA
"3940",0,NA
"3941",1,NA
"3942",-3,NA
"3943",-2,NA
"3944",-1,NA
"3945",-1,NA
"3946",0,NA
"3947",2,NA
"3948",4,NA
"3949",-2,NA
"3950",-2,NA
"3951",1,NA
"3952",4,NA
"3953",0,NA
"3954",-3,NA
"3955",-2,NA
"3956",-1,NA
"3957",-2,NA
"3958",-2,NA
"3959",1,NA
"3960",-2,NA
"3961",0,NA
"3962",0,NA
"3963",2,NA
"3964",0,NA
"3965",-2,NA
"3966",-3,NA
"3967",-3,NA
"3968",-2,NA
"3969",1,NA
"3970",-3,NA
"3971",-2,NA
"3972",1,NA
"3973",-1,NA
"3974",1,NA
"3975",2,NA
"3976",0,NA
"3977",-1,NA
"3978",3,NA
"3979",2,NA
"3980",-1,NA
"3981",-2,NA
"3982",0,NA
"3983",1,NA
"3984",-2,NA
"3985",0,NA
"3986",3,NA
"3987",-2,NA
"3988",-1,NA
"3989",-2,NA
"3990",-2,NA
"3991",-1,NA
"3992",-1,NA
"3993",0,NA
"3994",4,NA
"3995",0,NA
"3996",-2,NA
"3997",0,NA
"3998",0,NA
"3999",-1,NA
"4000",-1,NA
"4001",-1,NA
"4002",1,NA
"4003",0,NA
"4004",1,NA
"4005",-2,NA
"4006",-2,NA
"4007",1,NA
"4008",-3,NA
"4009",0,NA
"4010",3,NA
"4011",-2,NA
"4012",3,NA
"4013",-3,NA
"4014",-2,NA
"4015",-2,NA
"4016",2,NA
"4017",3,NA
"4018",0,NA
"4019",-2,NA
"4020",-1,NA
"4021",-2,NA
"4022",0,NA
"4023",0,NA
"4024",-1,NA
"4025",0,NA
"4026",0,NA
"4027",1,NA
"4028",0,NA
"4029",-1,NA
"4030",0,NA
"4031",1,NA
"4032",-1,NA
"4033",-2,NA
"4034",0,NA
"4035",-1,NA
"4036",2,NA
"4037",-2,NA
"4038",1,NA
"4039",0,NA
"4040",0,NA
"4041",-1,NA
"4042",0,NA
"4043",1,NA
"4044",-1,NA
"4045",3,NA
"4046",-3,NA
"4047",0,NA
"4048",-2,NA
"4049",-1,NA
"4050",1,NA
"4051",-2,NA
"4052",0,NA
"4053",-1,NA
"4054",-1,NA
"4055",-1,NA
"4056",0,NA
"4057",3,NA
"4058",-2,NA
"4059",-2,NA
"4060",0,NA
"4061",-2,NA
"4062",-2,NA
"4063",-1,NA
"4064",-2,NA
"4065",0,NA
"4066",0,NA
"4067",1,NA
"4068",-2,NA
"4069",-2,NA
"4070",-1,NA
"4071",-1,NA
"4072",0,NA
"4073",-1,NA
"4074",-2,NA
"4075",1,NA
"4076",4,NA
"4077",1,NA
"4078",1,NA
"4079",-1,NA
"4080",0,NA
"4081",-1,NA
"4082",-3,NA
"4083",0,NA
"4084",1,NA
"4085",-3,NA
"4086",1,NA
"4087",-1,NA
"4088",0,NA
"4089",0,NA
"4090",0,NA
"4091",-1,NA
"4092",-1,NA
"4093",-1,NA
"4094",-3,NA
"4095",-1,NA
"4096",0,NA
"4097",-2,NA
"4098",3,NA
"4099",-2,NA
"4100",0,NA
"4101",-1,NA
"4102",-2,NA
"4103",-1,NA
"4104",5,NA
"4105",1,NA
"4106",-1,NA
"4107",2,NA
"4108",0,NA
"4109",-1,NA
"4110",1,NA
"4111",0,NA
"4112",-1,NA
"4113",-1,NA
"4114",0,NA
"4115",0,NA
"4116",-1,NA
"4117",0,NA
"4118",-1,NA
"4119",0,NA
"4120",1,NA
"4121",1,NA
"4122",1,NA
"4123",-2,NA
"4124",-1,NA
"4125",2,NA
"4126",2,NA
"4127",0,NA
"4128",1,NA
"4129",0,NA
"4130",-3,NA
"4131",-2,NA
"4132",-1,NA
"4133",-1,NA
"4134",2,NA
"4135",0,NA
"4136",-3,NA
"4137",-3,NA
"4138",-1,NA
"4139",-2,NA
"4140",1,NA
"4141",0,NA
"4142",0,NA
"4143",-1,NA
"4144",-2,NA
"4145",-2,NA
"4146",0,NA
"4147",-2,NA
"4148",-2,NA
"4149",0,NA
"4150",-2,NA
"4151",-3,NA
"4152",-3,NA
"4153",1,NA
"4154",1,NA
"4155",-3,NA
"4156",0,NA
"4157",-1,NA
"4158",0,NA
"4159",-2,NA
"4160",2,NA
"4161",-2,NA
"4162",-2,NA
"4163",-2,NA
"4164",-2,NA
"4165",0,NA
"4166",-2,NA
"4167",-1,NA
"4168",-1,NA
"4169",-1,NA
"4170",4,NA
"4171",-3,NA
"4172",1,NA
"4173",-2,NA
"4174",-2,NA
"4175",-1,NA
"4176",0,NA
"4177",-2,NA
"4178",-2,NA
"4179",-2,NA
"4180",-2,NA
"4181",1,NA
"4182",0,NA
"4183",0,NA
"4184",1,NA
"4185",-2,NA
"4186",-1,NA
"4187",-1,NA
"4188",-3,NA
"4189",-1,NA
"4190",0,NA
"4191",-2,NA
"4192",0,NA
"4193",-2,NA
"4194",1,NA
"4195",-1,NA
"4196",-3,NA
"4197",1,NA
"4198",1,NA
"4199",0,NA
"4200",0,NA
"4201",-1,NA
"4202",-3,NA
"4203",0,NA
"4204",-1,NA
"4205",1,NA
"4206",-1,NA
"4207",-1,NA
"4208",1,NA
"4209",0,NA
"4210",-3,NA
"4211",-2,NA
"4212",1,NA
"4213",-1,NA
"4214",-1,NA
"4215",-1,NA
"4216",0,NA
"4217",0,NA
"4218",-2,NA
"4219",0,NA
"4220",-1,NA
"4221",-1,NA
"4222",-1,NA
"4223",-2,NA
"4224",-2,NA
"4225",-2,NA
"4226",-1,NA
"4227",0,NA
"4228",-1,NA
"4229",2,NA
"4230",-2,NA
"4231",-2,NA
"4232",-1,NA
"4233",-1,NA
"4234",2,NA
"4235",0,NA
"4236",-1,NA
"4237",-2,NA
"4238",-3,NA
"4239",-1,NA
"4240",-1,NA
"4241",-1,NA
"4242",1,NA
"4243",-2,NA
"4244",-2,NA
"4245",1,NA
"4246",-2,NA
"4247",1,NA
"4248",-3,NA
"4249",1,NA
"4250",1,NA
"4251",2,NA
"4252",-1,NA
"4253",-1,NA
"4254",2,NA
"4255",-1,NA
"4256",2,NA
"4257",0,NA
"4258",0,NA
"4259",0,NA
"4260",-1,NA
"4261",-1,NA
"4262",-1,NA
"4263",-1,NA
"4264",0,NA
"4265",-2,NA
"4266",1,NA
"4267",2,NA
"4268",-1,NA
"4269",-3,NA
"4270",2,NA
"4271",-1,NA
"4272",1,NA
"4273",-1,NA
"4274",-1,NA
"4275",-2,NA
"4276",-3,NA
"4277",0,NA
"4278",-1,NA
"4279",-3,NA
"4280",-3,NA
"4281",1,NA
"4282",0,NA
"4283",-3,NA
"4284",0,NA
"4285",-3,NA
"4286",0,NA
"4287",-2,NA
"4288",0,NA
"4289",0,NA
"4290",-1,NA
"4291",-2,NA
"4292",-1,NA
"4293",-2,NA
"4294",-2,NA
"4295",0,NA
"4296",-3,NA
"4297",-2,NA
"4298",-1,NA
"4299",-1,NA
"4300",-1,NA
"4301",0,NA
"4302",7,NA
"4303",2,NA
"4304",2,NA
"4305",0,NA
"4306",0,NA
"4307",2,NA
"4308",-2,NA
"4309",0,NA
"4310",-2,NA
"4311",-1,NA
"4312",0,NA
"4313",-3,NA
"4314",-2,NA
"4315",-2,NA
"4316",1,NA
"4317",-1,NA
"4318",0,NA
"4319",0,NA
"4320",-2,NA
"4321",-1,NA
"4322",-1,NA
"4323",0,NA
"4324",0,NA
"4325",-2,NA
"4326",-1,NA
"4327",-1,NA
"4328",-1,NA
"4329",0,NA
"4330",-1,NA
"4331",-1,NA
"4332",2,NA
"4333",-1,NA
"4334",0,NA
"4335",-2,NA
"4336",-1,NA
"4337",0,NA
"4338",-1,NA
"4339",-1,NA
"4340",-2,NA
"4341",-1,NA
"4342",2,NA
"4343",-3,NA
"4344",-1,NA
"4345",-2,NA
"4346",0,NA
"4347",-3,NA
"4348",0,NA
"4349",-3,NA
"4350",-2,NA
"4351",-1,NA
"4352",-1,NA
"4353",-1,NA
"4354",4,NA
"4355",0,NA
"4356",-1,NA
"4357",1,NA
"4358",-1,NA
"4359",0,NA
"4360",2,NA
"4361",1,NA
"4362",-2,NA
"4363",-1,NA
"4364",-1,NA
"4365",-1,NA
"4366",1,NA
"4367",1,NA
"4368",0,NA
"4369",-1,NA
"4370",1,NA
"4371",-3,NA
"4372",-2,NA
"4373",-2,NA
"4374",1,NA
"4375",1,NA
"4376",1,NA
"4377",-2,NA
"4378",-3,NA
"4379",0,NA
"4380",0,NA
"4381",-1,NA
"4382",-1,NA
"4383",-1,NA
"4384",-1,NA
"4385",-1,NA
"4386",-1,NA
"4387",0,NA
"4388",-1,NA
"4389",0,NA
"4390",0,NA
"4391",1,NA
"4392",2,NA
"4393",-1,NA
"4394",0,NA
"4395",-2,NA
"4396",-3,NA
"4397",0,NA
"4398",1,NA
"4399",0,NA
"4400",0,NA
"4401",4,NA
"4402",4,NA
"4403",-1,NA
"4404",-2,NA
"4405",-1,NA
"4406",-1,NA
"4407",1,NA
"4408",0,NA
"4409",2,NA
"4410",0,NA
"4411",-2,NA
"4412",-1,NA
"4413",0,NA
"4414",-2,NA
"4415",-2,NA
"4416",2,NA
"4417",-2,NA
"4418",-2,NA
"4419",0,NA
"4420",-1,NA
"4421",-1,NA
"4422",0,NA
"4423",0,NA
"4424",0,NA
"4425",-2,NA
"4426",3,NA
"4427",3,NA
"4428",-3,NA
"4429",0,NA
"4430",-1,NA
"4431",-1,NA
"4432",-3,NA
"4433",0,NA
"4434",-2,NA
"4435",-2,NA
"4436",0,NA
"4437",-1,NA
"4438",-3,NA
"4439",2,NA
"4440",1,NA
"4441",-1,NA
"4442",-2,NA
"4443",1,NA
"4444",0,NA
"4445",-1,NA
"4446",-2,NA
"4447",-3,NA
"4448",-1,NA
"4449",-2,NA
"4450",0,NA
"4451",0,NA
"4452",-2,NA
"4453",2,NA
"4454",0,NA
"4455",-2,NA
"4456",0,NA
"4457",0,NA
"4458",-1,NA
"4459",-2,NA
"4460",-3,NA
"4461",-2,NA
"4462",0,NA
"4463",-2,NA
"4464",-3,NA
"4465",2,NA
"4466",1,NA
"4467",1,NA
"4468",0,NA
"4469",0,NA
"4470",1,NA
"4471",1,NA
"4472",0,NA
"4473",-1,NA
"4474",-1,NA
"4475",1,NA
"4476",-1,NA
"4477",0,NA
"4478",-1,NA
"4479",-2,NA
"4480",-2,NA
"4481",-2,NA
"4482",-2,NA
"4483",-1,NA
"4484",2,NA
"4485",0,NA
"4486",-2,NA
"4487",-1,NA
"4488",0,NA
"4489",-2,NA
"4490",0,NA
"4491",-3,NA
"4492",-3,NA
"4493",0,NA
"4494",-2,NA
"4495",-1,NA
"4496",-2,NA
"4497",0,NA
"4498",0,NA
"4499",-3,NA
"4500",-1,NA
"4501",-2,NA
"4502",-1,NA
"4503",-1,NA
"4504",0,NA
"4505",-3,NA
"4506",-1,NA
"4507",-3,NA
"4508",-1,NA
"4509",1,NA
"4510",0,NA
"4511",1,NA
"4512",-3,NA
"4513",-2,NA
"4514",0,NA
"4515",-1,NA
"4516",-2,NA
"4517",-2,NA
"4518",-2,NA
"4519",0,NA
"4520",-1,NA
"4521",-1,NA
"4522",1,NA
"4523",-2,NA
"4524",0,NA
"4525",-2,NA
"4526",-2,NA
"4527",-2,NA
"4528",1,NA
"4529",0,NA
"4530",-1,NA
"4531",0,NA
"4532",0,NA
"4533",0,NA
"4534",2,NA
"4535",-2,NA
"4536",-1,NA
"4537",-3,NA
"4538",-2,NA
"4539",0,NA
"4540",0,NA
"4541",-1,NA
"4542",-1,NA
"4543",-1,NA
"4544",-3,NA
"4545",1,NA
"4546",0,NA
"4547",-2,NA
"4548",-1,NA
"4549",1,NA
"4550",-2,NA
"4551",-1,NA
"4552",1,NA
"4553",-2,NA
"4554",-3,NA
"4555",-1,NA
"4556",-2,NA
"4557",0,NA
"4558",0,NA
"4559",-1,NA
"4560",-2,NA
"4561",-2,NA
"4562",-1,NA
"4563",-1,NA
"4564",-3,NA
"4565",-3,NA
"4566",1,NA
"4567",-1,NA
"4568",3,NA
"4569",0,NA
"4570",1,NA
"4571",-1,NA
"4572",2,NA
"4573",0,NA
"4574",-2,NA
"4575",0,NA
"4576",2,NA
"4577",0,NA
"4578",0,NA
"4579",0,NA
"4580",-2,NA
"4581",-3,NA
"4582",-1,NA
"4583",-1,NA
"4584",2,NA
"4585",2,NA
"4586",0,NA
"4587",-1,NA
"4588",-1,NA
"4589",0,NA
"4590",1,NA
"4591",0,NA
"4592",-2,NA
"4593",0,NA
"4594",1,NA
"4595",-1,NA
"4596",-2,NA
"4597",-2,NA
"4598",-3,NA
"4599",-1,NA
"4600",0,NA
"4601",0,NA
"4602",2,NA
"4603",-1,NA
"4604",-2,NA
"4605",-1,NA
"4606",-3,NA
"4607",0,NA
"4608",0,NA
"4609",-2,NA
"4610",-2,NA
"4611",1,NA
"4612",-2,NA
"4613",3,NA
"4614",0,NA
"4615",2,NA
"4616",0,NA
"4617",-1,NA
"4618",-1,NA
"4619",-3,NA
"4620",1,NA
"4621",-1,NA
"4622",-1,NA
"4623",1,NA
"4624",1,NA
"4625",1,NA
"4626",-1,NA
"4627",-2,NA
"4628",1,NA
"4629",-2,NA
"4630",1,NA
"4631",-1,NA
"4632",0,NA
"4633",0,NA
"4634",-1,NA
"4635",1,NA
"4636",1,NA
"4637",1,NA
"4638",-1,NA
"4639",-2,NA
"4640",0,NA
"4641",-2,NA
"4642",-3,NA
"4643",-3,NA
"4644",0,NA
"4645",0,NA
"4646",-2,NA
"4647",1,NA
"4648",1,NA
"4649",0,NA
"4650",2,NA
"4651",-2,NA
"4652",-3,NA
"4653",2,NA
"4654",1,NA
"4655",-1,NA
"4656",-1,NA
"4657",3,NA
"4658",-2,NA
"4659",0,NA
"4660",-1,NA
"4661",1,NA
"4662",0,NA
"4663",0,NA
"4664",-2,NA
"4665",-1,NA
"4666",-1,NA
"4667",-2,NA
"4668",1,NA
"4669",-2,NA
"4670",0,NA
"4671",-1,NA
"4672",0,NA
"4673",0,NA
"4674",-2,NA
"4675",-1,NA
"4676",-2,NA
"4677",-1,NA
"4678",0,NA
"4679",0,NA
"4680",-2,NA
"4681",-1,NA
"4682",-3,NA
"4683",-2,NA
"4684",0,NA
"4685",-3,NA
"4686",3,NA
"4687",1,NA
"4688",1,NA
"4689",-1,NA
"4690",-1,NA
"4691",-1,NA
"4692",-2,NA
"4693",-2,NA
"4694",-1,NA
"4695",-1,NA
"4696",0,NA
"4697",-2,NA
"4698",-1,NA
"4699",-2,NA
"4700",-1,NA
"4701",-3,NA
"4702",1,NA
"4703",1,NA
"4704",-2,NA
"4705",-1,NA
"4706",0,NA
"4707",-2,NA
"4708",0,NA
"4709",1,NA
"4710",2,NA
"4711",0,NA
"4712",-3,NA
"4713",1,NA
"4714",-1,NA
"4715",-1,NA
"4716",-3,NA
"4717",-1,NA
"4718",-1,NA
"4719",-1,NA
"4720",1,NA
"4721",0,NA
"4722",-1,NA
"4723",1,NA
"4724",-1,NA
"4725",2,NA
"4726",1,NA
"4727",-1,NA
"4728",-2,NA
"4729",-2,NA
"4730",1,NA
"4731",-1,NA
"4732",2,NA
"4733",5,NA
"4734",0,NA
"4735",-1,NA
"4736",0,NA
"4737",1,NA
"4738",3,NA
"4739",-1,NA
"4740",0,NA
"4741",-1,NA
"4742",-1,NA
"4743",-2,NA
"4744",0,NA
"4745",-1,NA
"4746",0,NA
"4747",2,NA
"4748",-3,NA
"4749",0,NA
"4750",0,NA
"4751",0,NA
"4752",1,NA
"4753",1,NA
"4754",1,NA
"4755",3,NA
"4756",-1,NA
"4757",1,NA
"4758",0,NA
"4759",-3,NA
"4760",-1,NA
"4761",-2,NA
"4762",0,NA
"4763",-3,NA
"4764",0,NA
"4765",-3,NA
"4766",-2,NA
"4767",2,NA
"4768",3,NA
"4769",-1,NA
"4770",0,NA
"4771",0,NA
"4772",0,NA
"4773",1,NA
"4774",1,NA
"4775",-1,NA
"4776",-3,NA
"4777",-1,NA
"4778",-1,NA
"4779",0,NA
"4780",0,NA
"4781",0,NA
"4782",-1,NA
"4783",-2,NA
"4784",-1,NA
"4785",1,NA
"4786",-2,NA
"4787",0,NA
"4788",1,NA
"4789",-1,NA
"4790",-1,NA
"4791",-2,NA
"4792",-1,NA
"4793",0,NA
"4794",-1,NA
"4795",2,NA
"4796",-3,NA
"4797",2,NA
"4798",0,NA
"4799",1,NA
"4800",-1,NA
"4801",-1,NA
"4802",-1,NA
"4803",-1,NA
"4804",-2,NA
"4805",-2,NA
"4806",-2,NA
"4807",-1,NA
"4808",-3,NA
"4809",0,NA
"4810",-1,NA
"4811",0,NA
"4812",-2,NA
"4813",-3,NA
"4814",-2,NA
"4815",-3,NA
"4816",2,NA
"4817",-1,NA
"4818",1,NA
"4819",0,NA
"4820",-2,NA
"4821",-3,NA
"4822",-1,NA
"4823",-2,NA
"4824",1,NA
"4825",-1,NA
"4826",-1,NA
"4827",2,NA
"4828",-3,NA
"4829",-3,NA
"4830",0,NA
"4831",-2,NA
"4832",-2,NA
"4833",-2,NA
"4834",-2,NA
"4835",0,NA
"4836",-3,NA
"4837",0,NA
"4838",0,NA
"4839",-1,NA
"4840",0,NA
"4841",-3,NA
"4842",0,NA
"4843",-2,NA
"4844",-2,NA
"4845",-2,NA
"4846",0,NA
"4847",-1,NA
"4848",0,NA
"4849",2,NA
"4850",-1,NA
"4851",-2,NA
"4852",0,NA
"4853",-1,NA
"4854",-2,NA
"4855",-2,NA
"4856",-2,NA
"4857",-2,NA
"4858",0,NA
"4859",0,NA
"4860",-1,NA
"4861",-2,NA
"4862",1,NA
"4863",5,NA
"4864",-3,NA
"4865",-1,NA
"4866",1,NA
"4867",-1,NA
"4868",-2,NA
"4869",-1,NA
"4870",-2,NA
"4871",3,NA
"4872",0,NA
"4873",0,NA
"4874",-3,NA
"4875",-1,NA
"4876",-1,NA
"4877",-2,NA
"4878",-2,NA
"4879",-2,NA
"4880",-1,NA
"4881",-2,NA
"4882",-1,NA
"4883",1,NA
"4884",-1,NA
"4885",-1,NA
"4886",-2,NA
"4887",-2,NA
"4888",-3,NA
"4889",1,NA
"4890",2,NA
"4891",2,NA
"4892",-2,NA
"4893",-2,NA
"4894",-1,NA
"4895",-1,NA
"4896",0,NA
"4897",0,NA
"4898",-2,NA
"4899",-1,NA
"4900",-3,NA
"4901",0,NA
"4902",2,NA
"4903",2,NA
"4904",2,NA
"4905",-1,NA
"4906",-1,NA
"4907",-1,NA
"4908",2,NA
"4909",0,NA
"4910",-1,NA
"4911",-1,NA
"4912",0,NA
"4913",0,NA
"4914",-1,NA
"4915",-1,NA
"4916",-1,NA
"4917",0,NA
"4918",0,NA
"4919",-3,NA
"4920",-1,NA
"4921",-1,NA
"4922",-2,NA
"4923",-1,NA
"4924",-2,NA
"4925",-2,NA
"4926",1,NA
"4927",-1,NA
"4928",-3,NA
"4929",0,NA
"4930",0,NA
"4931",-1,NA
"4932",-1,NA
"4933",0,NA
"4934",1,NA
"4935",1,NA
"4936",-1,NA
"4937",1,NA
"4938",-2,NA
"4939",-1,NA
"4940",-1,NA
"4941",-2,NA
"4942",-3,NA
"4943",-1,NA
"4944",-2,NA
"4945",1,NA
"4946",0,NA
"4947",-1,NA
"4948",-1,NA
"4949",-3,NA
"4950",0,NA
"4951",0,NA
"4952",-2,NA
"4953",0,NA
"4954",0,NA
"4955",-1,NA
"4956",0,NA
"4957",0,NA
"4958",-2,NA
"4959",2,NA
"4960",-3,NA
"4961",2,NA
"4962",1,NA
"4963",-1,NA
"4964",-1,NA
"4965",-1,NA
"4966",-1,NA
"4967",-3,NA
"4968",-1,NA
"4969",-2,NA
"4970",-2,NA
"4971",3,NA
"4972",-1,NA
"4973",2,NA
"4974",1,NA
"4975",-1,NA
"4976",1,NA
"4977",-2,NA
"4978",1,NA
"4979",-2,NA
"4980",-2,NA
"4981",3,NA
"4982",-3,NA
"4983",-1,NA
"4984",0,NA
"4985",-2,NA
"4986",-1,NA
"4987",1,NA
"4988",-1,NA
"4989",-2,NA
"4990",-1,NA
"4991",0,NA
"4992",-3,NA
"4993",2,NA
"4994",0,NA
"4995",-1,NA
"4996",-2,NA
"4997",2,NA
"4998",-2,NA
"4999",0,NA
"5000",-3,NA
